"303","039442046666","Glutamine - 100 caps","Universal Nutrition","24",""
"2353","733739038814","ADAM Multi-Vitamin for Men - 180 softgels","NOW Foods","240",""
"4578","733739016614","Ultra Omega-3 - 90 Softgels","NOW Foods","120",""
"1458","733739000668","L-Carnitine Liquid, Tropical Punch - 473 ml.","NOW Foods","12",""
"3950","733739033444","Super Cortisol Support - 90 caps","NOW Foods","12",""
"2857","733739017277","CLA - 90 softgels","NOW Foods","12",""
"253","039442041920","Uni-Liver - 250 tabs","Universal Nutrition","60",""
"6004","733739016522","Omega-3, Molecularly Distilled, Fish Oil - 200 softgels","NOW Foods","120",""
"3942","733739004697","Biotin, 1000mcg - 100 caps","NOW Foods","8",""
"1184","027434016049","Amino Fuel Mass Liquid, Orange Rush - 946 ml.","Twinlab","18",""
"4251","793573232526","Quest Bar, Strawberry Cheesecake (Stevia Sweetened) - 12 bars","Quest Nutrition","600","Maciej Gielazun: \"@16/styczen/ 16@\"."
"123","039442046871","Creatine - 400g (2x200g)","Universal Nutrition","120",""
"3076","753950000254","High Absorption Magnesium - 120 tablets","Doctor's Best","8",""
"3947","733739047397","Silymarin, 300mg - 100 caps","NOW Foods","13",""
"4099","793573232472","Quest Bar, Apple Pie - 12 bars","Quest Nutrition","348","Kamil Gadek: \"@19December2015@ 132 szt
@14November2015@ 60szt\".
Krzysztof Korbecki: \"@ 19 December 2015@ 48 sz
@16 January 2026@ 108 sz\"."
"4243","793573232519","Quest Bar, Coconut Cashew (Stevia Sweetened) - 12 bars","Quest Nutrition","144","Maciej Gielazun: \"@20/December/2015@\"."
"3972","733739026446","Chlorophyll, Liquid - 473 ml.","NOW Foods","18",""
"2089","737190000564","Kre-Alkalyn EFX, 750mg - 120 caps","All American EFX","180",""
"778","733739000354","L-Arginine, 1000mg - 120 tablets","NOW Foods","36",""
"2159","033674156797","Alive!, Once Daily Multi-Vitamin - 60 tablets","Nature's Way","6",""
"421","609492730220","Driven, 100% All Natural, Mixed Berries - 350g","MRM","2",""
"3962","737190002032","Karbolyn, Neutral - 2032g","All American EFX","1",""
"781","733739030924","DOPA Mucuna - 90 caps","NOW Foods","36",""
"4576","733739047052","Green Tea Extract, 400mg - 100 caps","NOW Foods","28",""
"463","027434001984","Taurine Mega Caps - 50 caps","Twinlab","3",""
"464","027434032070","OcuGuard Plus Lutein - 120 caps","Twinlab","2",""
"437","768990017506","EPA, Lemon - 60 softgels","Nordic Naturals","8",""
"301","039442030375","Animal Test - 21 packs","Universal Nutrition","120",""
"23","039442045447","BCAA 2000 - 120 caps","Universal Nutrition","60",""
"393","733739012517","Calcium & Magnesium + Vit D and Zinc - 120 softgels","NOW Foods","12",""
"394","733739014825","Selenium, 100mcg - 250 tablets","NOW Foods","8",""
"395","733739015402","Full Spectrum Minerals, Tablets - 100 tablets","NOW Foods","6",""
"396","733739012838","Magnesium, 400mg - 180 caps","NOW Foods","40",""
"392","733739014405","Iron Complex - 100 tablets","NOW Foods","48",""
"391","733739014207","Chromium Picolinate, 200mcg - 100 caps","NOW Foods","60",""
"313","718774332004","Power Straps with Neoprene Padding, White - 1 pair","Flexsports","8",""
"318","039442051905","GH Stack, Grape - 210g","Universal Nutrition","24",""
"312","718774320100","Wrist Wraps, White - 1 pair ","Flexsports","10",""
"460","027434037549","Tribulus Fuel - 100 caps","Twinlab","3",""
"441","768990017759","Complete Omega Junior - 90 chewable softgels","Nordic Naturals","3",""
"443","768990577857","Arctic Cod Liver Oil, Lemon - 90 softgels","Nordic Naturals","2",""
"444","733739001405","Taurine, Caps - 100 caps","NOW Foods","24",""
"446","733739030573","Lutein, 10mg - 120 softgels","NOW Foods","4",""
"461","027434001632","Coenzyme Q10 Ultra, 100mg - 60 caps","Twinlab","2",""
"465","027434039109","ZMA Fuel - 90 caps","Twinlab","10",""
"466","027434031387","Ripped Fuel 5X - 40 tablets","Twinlab","2",""
"424","609492310132","Digest-ALL - 100 caps","MRM","2","Kamil Gadek: \"@November2015@\"."
"425","609492610058","LiverX - 60 caps","MRM","3",""
"53","733739024480","Liver Detoxifier & Regenerator - 90 caps","NOW Foods","204",""
"54","733739030559","Immune Renew - 90 Vcaps","NOW Foods","12",""
"65","733739038647","Special Two - 180 tabs","NOW Foods","156",""
"66","733739018373","Omega 3-6-9, 1000mg - 250 softgel","NOW Foods","48","
Maciej Gielazun: \"1x uszkodzony\"."
"71","708235088571","Thyroid T3 - 180 caps","Absolute Nutrition","8",""
"252","039442045041","Tribulus Pro - 100 caps","Universal Nutrition","120",""
"491","039442011992","Real Gains, Chocolate Ice Cream - 3110g","Universal Nutrition","8",""
"550","039442048202","N1-T - 90 caps","Universal Nutrition","48",""
"568","733739002136","BCAA Pure Powder - 340g","NOW Foods","4",""
"570","039442051868","Beta Ala9 - 210 caps","Universal Nutrition","48",""
"442","768990017209","Children's DHA, Strawberry - 180 chewable softgels","Nordic Naturals","1",""
"733","718774315502","Knee Wraps, Extra Strong, 198 cm - 1 pair","Flexsports","18",""
"734","718774331007","Power Straps, Natural Color - 1 pair","Flexsports","18",""
"735","708235088465","CBlock - 90 caplets","Absolute Nutrition","8",""
"742","857254000603","Mass Amino Acid Tablets - 500 tablets","Beverly International","1",""
"763","898684000436","Vaporize - 90 softgels","MAN","3","
Krzysztof Korbecki: \"@ 31 September 2015@\"."
"776","733739000811","Acetyl L-Carnitine, Caps - 90 tablets","NOW Foods","12",""
"777","733739000835","L-Citrulline, Caps - 90 caps","NOW Foods","24",""
"780","733739031327","Glucosamine 1000, Vegetarian - 90 caps ","NOW Foods","3",""
"796","852263820198","Creatine Ethyl Ester - 240 caps ","SNI","2",""
"479","039442048028","Storm, Fruit Punch - 759g","Universal Nutrition","60",""
"858","675941000824","Acetyl L-Carnitine, 600mg - 120 caps","IDS / New Whey Nutrition","16",""
"867","733739016768","Red Omega - 180 softgels","NOW Foods","4",""
"880","047469008642","Tonalin CLA-1200 - 90 softgels","Natrol","2",""
"883","047469045104","Extreme Omega - 60 softgels","Natrol","3",""
"908","733739031662","CoQ10, 60mg (with Omega-3) - 120 softgels","NOW Foods","2",""
"909","733739032096","CoQ10, 100mg (with Vitamin E) - 150 softgels","NOW Foods","3",""
"917","039442014306","Advanced Soy Pro, Creamy Chocolate - 680g","Universal Nutrition","24",""
"923","039442081056","Hi Protein Bars, Chocolate Peanut Butter - 16 bars","Universal Nutrition","118","Kamil Gadek: \"@February2016@\".
Krzysztof Korbecki: \"@ February 2016@\"."
"922","039442081063","Hi Protein Bars, Chocolate Brownie - 16 bars","Universal Nutrition","128","
Kamil Gadek: \"@February2016@\".
Krzysztof Korbecki: \"@31 January 2016 @\"."
"925","039442081292","Doctor's CarbRite Diet Bars, Cinnamon Bun - 12 bars","Universal Nutrition","24",""
"926","039442081032","Doctor's CarbRite Diet Bars, Coconut - 12 bars","Universal Nutrition","24","Kamil Gadek: \"@28February2016@\"."
"988","039442012050","Real Gains, Strawberry Ice Cream - 3110g","Universal Nutrition","8",""
"989","039442048172","Torrent, Green Apple Avalanche - 2770g","Universal Nutrition","12",""
"1039","733739059055","Acacia Fiber - 340g","NOW Foods","4",""
"1049","689076895965","RPM - 110 caps","Applied Nutriceuticals","6",""
"247","039442030351","Animal Nitro - 44 packs","Universal Nutrition","120",""
"1145","047469161569","Maca, 500mg - 60 caps","Natrol","6",""
"1261","039442046628","Glutamine - 600g","Universal Nutrition","60",""
"543","039442052155","Max Protein, Chocolate - 1000g","Universal Nutrition","6",""
"1343","733739000446","AAKG, 3500mg (Tabs) - 180 tablets","NOW Foods","10",""
"1345","733739030320","AHCC, 500mg - 60 caps","NOW Foods","6",""
"1346","733739004369","Vitamin B-100 - 100 caps","NOW Foods","48",""
"1352","733739004970","Vitamin B-12, Instant Energy - 75 packets","NOW Foods","12",""
"1356","733739008923","Vitamin E, 400 IU - 100 softgels","NOW Foods","30",""
"1367","850003000503","Energize - 84 tablets","iSatori","3",""
"1368","850003000923","H+Blocker, Fruit Punch - 585g ","iSatori","10",""
"1415","733739026323","Chlorella, 1000mg - 120 tablets","NOW Foods","6",""
"1429","027434008228","Calcium, Magnesium and Vit D - 180 tablets","Twinlab","3",""
"1455","733739000736","L-Carnitine, 500mg - 180 caps","NOW Foods","12",""
"1457","733739000651","L-Carnitine Liquid, Citrus Flavor - 450 ml.","NOW Foods","8",""
"1459","733739009906","Vitamin K-2, 100mcg - 100 caps","NOW Foods","24",""
"1460","733739015525","Zinc Picolinate, 50mg - 120 caps","NOW Foods","60",""
"1622","857254000429","Ultra 40 - 500 tablets ","Beverly International","16",""
"1631","027434009072","DualTabs - 100 tablets","Twinlab","3",""
"1670","733739031341","UC-II, Undenatured Type II Collagen - 60 caps","NOW Foods","36",""
"1706","033674451403","Antioxidant Formula - 60 tablets ","Nature's Way","2",""
"1730","033674406311","B-Stress Formula - 100 caps","Nature's Way","1","Kamil Gadek: \"@31January2016@\"."
"1731","033674149249","Completia - Diabetic Multivitamin, Iron Free - 90 tablets","Nature's Way","4",""
"1735","033674403310","Vitamin C-500 with Bioflavonoids - 250 caps","Nature's Way","2",""
"505","733739031426","Ubiquinol, 100mg - 60 softgels","NOW Foods","8",""
"1748","733739031457","Ubiquinol, CoQH-CF - 60 softgels","NOW Foods","4",""
"1762","039442027016","Amino 2700 - 350 tabs","Universal Nutrition","12",""
"1896","733739016621","Ultra Omega-3 - 180 Softgels","NOW Foods","12",""
"1897","768990017902","Ultimate Omega, Lemon - 60 softgels","Nordic Naturals","2",""
"251","039442014320","GH Max - 180 tablets","Universal Nutrition","36",""
"1118","039442010322","Milk & Egg Protein, Vanilla - 1360g","Universal Nutrition","24",""
"2091","857254000184","Quadracarn - 120 tablets","Beverly International","4",""
"1083","039442012128","Gain Fast 3100, Chocolate - 2310g","Universal Nutrition","24",""
"2162","033674067932","Garlicin, Odor-Free Garlic - 90 tablets","Nature's Way","6",""
"2163","033674617007","Ginseng Korean, Standardized - 60 caps","Nature's Way","4",""
"2165","733739006707","Vitamin C-500, with Rose Hips - 100 tablets","NOW Foods","60",""
"2166","733739047045","EGCg Green Tea Extract, 400mg - 90 caps","NOW Foods","10",""
"2197","027434002288","Amino Fuel 2000 - 150 tablets","Twinlab","3",""
"2262","733739002068","Amino 9 Essentials, Powder - 330g","NOW Foods","3",""
"2290","753950001077","Best Curcumin C3 Complex, 500mg - 120 caps","Doctor's Best","4",""
"2291","753950002241","Real Krill, 350mg - 60 softgels ","Doctor's Best","6",""
"2292","753950002104","Best Vitamin D-3, 2000 IU - 180 softgels","Doctor's Best","24",""
"2296","094922978646","Collagen Booster - 60 caps","ReserveAge","2","Kamil Gadek: \"@August2015@\"."
"2436","094922934871","Liver Armor - 180 caps","CTD Labs","36",""
"2522","637480075060","Endulge Candy Bars, Chocolate Coconut Bar - 5 bars","Atkins Nutritionals","12",""
"2529","039442080547","Hi Protein Bars, S'mores - 16 bars","Universal Nutrition","8","Kamil Gadek: \"@31January2016@\"."
"2562","753950002036","Best Collagen Types 1 & 3, Powder - 200g","Doctor's Best","14",""
"2573","733739033567","Acai, Powder - 85g","NOW Foods","2",""
"2728","027434033961","Amino Fuel Lean Muscle Liquid, Cherry Bomb - 948 ml.","Twinlab","12",""
"2727","027434033886","Amino Fuel Lean Muscle Liquid, Orange - 948 ml.","Twinlab","12",""
"2733","039442052414","Atomic 7, Watermelon - 384g ","Universal Nutrition","36",""
"2795","094922822628","Noxitropin PM, Fruit Punch - 280g","CTD Labs","48",""
"6423","039442047014","Creatine - 500g","Universal Nutrition","156",""
"2852","733739002051","AAKG, 4200mg (Powder) - 200g","NOW Foods","8",""
"2854","733739002082","Acetyl L-Carnitine, Powder - 85g","NOW Foods","6",""
"2856","733739017284","CLA - 180 softgels","NOW Foods","12",""
"2878","733739046208","Cascara Sagrada, 450mg - 100 caps","NOW Foods","12",""
"2893","733739030436","Alpha Lipoic Acid, 250mg - 120 caps","NOW Foods","28",""
"2964","733739029621","Super Enzymes - 180 tablets","NOW Foods","24",""
"2972","039442016218","Ultra Iso Whey, Tropical Punch - 909g","Universal Nutrition","6",""
"2973","039442016232","Ultra Iso Whey, Vanilla Shake - 909g","Universal Nutrition","6",""
"2977","733739038760","ADAM Multi-Vitamin for Men - 120 tablets","NOW Foods","84",""
"2985","637480055031","Day Break Bars, Chocolate Chip Crisp - 5 bars","Atkins Nutritionals","6",""
"2986","637480055475","Day Break Bars, Chocolate Oatmeal Fiber - 5 bars","Atkins Nutritionals","12",""
"2989","637480075428","Endulge Candy Bars, Nutty Fudge Brownie - 5 bars","Atkins Nutritionals","12",""
"2521","637480075282","Endulge Candy Bars, Chocolate Caramel Mousse - 5 bars","Atkins Nutritionals","24",""
"2515","637480025409","Advantage Snack Bars, Dark Chocolate Almond Coconut Crunch - 5 bars","Atkins Nutritionals","6",""
"79","637480035026","Advantage Snack Bars, Caramel Chocolate Peanut Nougat - 5 bars","Atkins Nutritionals","18","Kamil Gadek: \"Data waznosci 15/10/15\"."
"283","637480035057","Advantage Snack Bars, Caramel Double Chocolate Crunch - 5 bars","Atkins Nutritionals","12",""
"80","637480025539","Advantage Snack Bars, Caramel Chocolate Nut Roll - 5 bars","Atkins Nutritionals","36",""
"2518","637480055321","Day Break Bars, Chocolate Hazelnut - 5 bars","Atkins Nutritionals","12",""
"3025","665553126227","Caffeine, 200mg - 100 tablets ","AllMax Nutrition","8",""
"3027","665553202631","CreMAGnaVol - 240 CapTABs","AllMax Nutrition","2",""
"3028","665553202655","R-ALA Complex, 150mg - 60 caps","AllMax Nutrition","3",""
"3031","665553200859","Vitastack - 30 packs ","AllMax Nutrition","6",""
"3043","665553122960","Glutamine - 400g","AllMax Nutrition","2",""
"3044","665553123967","Creatine Monohydrate - 400g","AllMax Nutrition","5",""
"3050","665553200811","Taurine - 400g","AllMax Nutrition","3",""
"3051","665553202334","TestoFx Loaded - 90 caps","AllMax Nutrition","20",""
"3071","753950000476","Best Digestive Enzymes - 90 veggie caps ","Doctor's Best","5",""
"3075","753950000698","High Absorption CoQ10, 100mg - 60 veggie caps ","Doctor's Best","2",""
"3078","753950001510","SAM-e 400, Double-Strength - 30 tablets ","Doctor's Best","16",""
"3079","753950001725","Strontium Bone Maker, 340mg - 120 veggie caps ","Doctor's Best","2",""
"3123","689269001067","Omega-3 Squeeze, Orange - 90 packets","Coromega","3",""
"3148","021078006442","Bioperine - 120 tablets","Source Naturals","2",""
"3152","021078001652","DLPA, DL-Phenylalanine, 750mg - 60 tablets","Source Naturals","2",""
"3154","021078019312","Huperzine A, 200 mcg - 120 tablets","Source Naturals","8",""
"3157","021078006206","Phosphatidyl Choline in Lecithin, 420mg - 180 softgels","Source Naturals","1",""
"3162","021078014263","Wellness Formula - 240 caps","Source Naturals","4",""
"3284","047469008925","Green Tea, 500mg - 60 caps","Natrol","3",""
"3285","033674155424","Alive!, Men's Multi - 90 tablets","Nature's Way","2",""
"3287","033674156926","Alive!, Once Daily Women's 50 plus - 60 tablets ","Nature's Way","8",""
"3293","033674156865","Alive!, Once Daily Women's - 60 tablets ","Nature's Way","4",""
"3392","733739018410","Super Omega 3-6-9, 1200mg - 180 softgels","NOW Foods","84",""
"3484","733739076649","Comforting Massage Oil - 450 ml.","NOW Foods","3",""
"3642","637480075053","Endulge Candy Bars, Peanut Caramel Cluster - 5 bars","Atkins Nutritionals","36",""
"3742","609492710376","Reload, Lemonade - 840g","MRM","3",""
"3743","609492710383","Reload, Watermelon - 840g","MRM","1",""
"3751","768990027703","Complete Omega 3-6-9, Lemon - 120 softgels","Nordic Naturals","3",""
"1355","733739003676","Vitamin D-3, 2000 IU - 120 softgels","NOW Foods","96",""
"3861","768990017605","Omega-3, Purified Fish Oil, Lemon - 60 softgels","Nordic Naturals","4",""
"3927","665553202563","BCAA - 400g","AllMax Nutrition","5",""
"3930","665553201610","Liver D-Tox - 42 caps","AllMax Nutrition","12",""
"3933","061998679982","Udo's DHA 3-6-9 Oil Blend - 500 ml.","Flora","1","Krzysztof Korbecki: \"@ 29 August 2015@ 1 szt
@ 01 October 2015@ 4 szt\"."
"3941","733739046420","Bio-Curcumin Phytosome - 60 vcaps","NOW Foods","8",""
"3943","733739046383","Curcumin - 60 caps","NOW Foods","2",""
"3944","733739002259","Glycine, 100% Pure Powder - 454g","NOW Foods","3",""
"3946","733739029188","Probiotic Defense - 90 caps","NOW Foods","12",""
"3948","733739027009","Spirulina, 500mg - 500 tabs","NOW Foods","8",""
"3953","647303040038","Colostrum Plus, Caps - 120 caps","Symbiotics","3",""
"3954","647303040083","Colostrum Plus, Powder - 178g","Symbiotics","5",""
"3945","733739018243","Policosanol, 20mg - 90 caps","NOW Foods","3",""
"3973","733739069252","Dextrose, Powder - 907g","NOW Foods","18",""
"4069","733739004819","Niacin, 500mg - 100 caps","NOW Foods","24",""
"4071","733739021472","D-Ribose, Powder - 227g","NOW Foods","4",""
"4072","733739021458","D-Ribose, Caps - 120 vcaps","NOW Foods","5","Kamil Gadek: \"@June2015@\"."
"4080","021078002222","N-A-G, N-Acetyl Glucosamine - 120 tabs","Source Naturals","2",""
"4087","733739003652","Vitamin D-3, 1000 IU - 180 softgels","NOW Foods","60",""
"4088","733739008800","Vitamin E, 200 IU - 100 softgels","NOW Foods","12",""
"4096","793573232458","Quest Bar, Chocolate Brownie - 12 bars","Quest Nutrition","720","Michal Kadela: \"@16/styczen/ 16@\"."
"4097","793573232434","Quest Bar, Vanilla Almond Crunch - 12 bars","Quest Nutrition","360","Kamil Gadek: \"@14January2016@ 132 szt
@15November2015@ 48szt\".
Krzysztof Korbecki: \"@ 14 January 2016 @ 120 sz
@ 15 November 2015@ 60 szt\"."
"4098","793573232441","Quest Bar, Peanut Butter Supreme - 12 bars","Quest Nutrition","120","Maciej Gielazun: \"@15/styczen/16\"."
"4101","793573232489","Quest Bar, Peanut Butter & Jelly - 12 bars","Quest Nutrition","360","Maciej Gielazun: \"@23/January/2016@\"."
"4118","733739031556","Hyaluronic Acid, Double Strength, 100mg - 60 vcaps","NOW Foods","16",""
"545","039442051530","BCAA Stack, Grape - 250g","Universal Nutrition","24",""
"1116","039442052070","BCAA Stack, Grape - 1000g","Universal Nutrition","12",""
"1342","039442052087","BCAA Stack, Orange - 1000g","Universal Nutrition","48",""
"4134","094922071569","Adrenal Reset  - 60 tabs","CTD Labs","60",""
"4166","039442010650","100% Beef Aminos - 200 tablets","Universal Nutrition","120",""
"4245","793573232502","Quest Bar, Chocolate Peanut Butter (Stevia Sweetened) - 12 bars","Quest Nutrition","720","Michal Kadela: \"@15/styczen/16@\"."
"4247","793573232533","Quest Bar, Cinnamon Roll (Stevia Sweetened) - 12 bars","Quest Nutrition","240","Maciej Gielazun: \"@16/January/2016@\"."
"4249","793573232540","Quest Bar, Lemon Cream Pie (Stevia Sweetened) - 12 bars","Quest Nutrition","240","Maciej Gielazun: \"@22/January/ 2016@\".
Pawe? Lisiewski: \"@22/styczen/2016@\"."
"4287","733739030702","Quercetin, With Bromelain - 120 vcaps","NOW Foods","14",""
"4388","733739047038","Graviola - 100 caps","NOW Foods","5",""
"737","737190001295","Kre-Alkalyn EFX, 750mg - 240 caps","All American EFX","360",""
"2679","061998679821","Udo's Oil 3-6-9 Blend - 500 ml.","Flora","4",""
"369","033674410912","Zinc, Chelate, 30mg Potency - 100 caps","Nature's Way","2",""
"490","039442011909","Real Gains, Vanilla Ice Cream - 3110g","Universal Nutrition","4",""
"1558","039442012074","Real Gains, Banana Ice Cream - 3110g","Universal Nutrition","8",""
"1557","039442012296","Real Gains, Cookies & Cream - 3110g","Universal Nutrition","12",""
"4560","039442012616","Real Gains, Chocolate Ice Cream - 4800g","Universal Nutrition","14",""
"4562","039442012753","Real Gains, Chocolate Mint - 4800g","Universal Nutrition","4",""
"4577","733739031563","Hyaluronic Acid, with MSM - 60 vcaps","NOW Foods","18",""
"3391","733739016829","Super Omega EPA - 120 softgels","NOW Foods","12",""
"4598","039442081087","Doctor's CarbRite Diet Bars, Chocolate Caramel Nut - 12 bars","Universal Nutrition","36",""
"4609","733739021564","Soy Protein Isolate, Non-GMO, Unflavored - 544g","NOW Foods","5",""
"4610","733739021526","Soy Protein Isolate, Non-GMO, Unflavored - 907g","NOW Foods","2",""
"4614","733739022004","ZMA, Sports Recovery - 90 caps","NOW Foods","156",""
"4652","039442012487","Gain Fast 3100, Cookies & Cream - 2310g","Universal Nutrition","6",""
"4674","665553201757","Rapidcuts Shredded - 90 caps","AllMax Nutrition","2",""
"4694","090977100018","CEE, Creatine Ethyl Ester - 240 caps","Mega-Pro","1",""
"4697","753950000858","Comprehensive Prostate Formula - 120 veggie caps","Doctor's Best","3",""
"6409","733739037886","EcoGreen Multi (Iron Free) - 180 vcaps","NOW Foods","2",""
"6411","733739031440","Ubiquinol, 200mg - 60 softgels","NOW Foods","12",""
"6412","733739081988","Vitamin D-3 Cream - 118 ml.","NOW Foods","2",""
"6413","733739003645","Vitamin D-3, 400 IU - 180 softgels","NOW Foods","48",""
"6414","733739003706","Vitamin D-3 Liquid - 60 ml.","NOW Foods","14",""
"6415","733739003713","Vitamin D-3 Liquid, Extra Strength - 30 ml.","NOW Foods","24",""
"6416","733739009104","Vitamin E, Liquid - 30 ml.","NOW Foods","6",""
"6359","733739029645","Super Enzymes - 180 caps","NOW Foods","24",""
"5957","733739030306","Aloe Vera Concentrate - 118 ml.","NOW Foods","3",""
"5500","733739046871","Ginkgo Biloba - 120 vcaps","NOW Foods","8",""
"6093","733739038036","EVE Superior Women's Multi - 180 softgels","NOW Foods","24",""
"330","039442045423","Amino 1900 - 110 tablets ","Universal Nutrition","24",""
"599","039442048165","Torrent, Green Apple Avalanche - 1490g","Universal Nutrition","12",""
"1344","733739038784","ADAM Multi-Vitamin for Men - 90 Vcaps","NOW Foods","156",""
"1621","857254000924","FitTabs - 120 tablets","Beverly International","4",""
"3082","791083304863","AdvantEdge Carb Control Bars, Chocolate Chip Brownie - 12 bars","EAS","6","Maciej Gielazun: \"@2 X 1/April/ 2015@  @1 X 1/December/ 2015@\".
Krzysztof Korbecki: \"@ 01 December 2015@\"."
"5401","637480045063","Advantage Meal Bars, Chocolate Chip Granola - 5 bars","Atkins Nutritionals","6",""
"5498","733739004765","Folic Acid, B Complex Vitamin - 250 tabs","NOW Foods","12",""
"5503","733739001221","L-Ornithine - 120 caps","NOW Foods","5",""
"5146","637480090124","Cuisine Pasta, Penne - 340g","Atkins Nutritionals","12",""
"4961","708235089219","Absolutely Full - 60 caps","Absolute Nutrition","6",""
"5009","039442012739","Real Gains, Chocolate Mint - 3110g","Universal Nutrition","8",""
"5010","094922068798","Kre-Alkalyn - 120 caps","CTD Labs","12",""
"5070","039442048813","Casein Pro, Chocolate Milkshake - 909g","Universal Nutrition","36",""
"5094","733739037701","Daily Vits - 100 tabs","NOW Foods","168",""
"5095","733739000309","L-Arginine, 500mg - 100 caps","NOW Foods","24",""
"5096","733739000859","NAC, N-Acetyl Cysteine, 600mg - 100 vcaps","NOW Foods","60",""
"5102","737190002292","Kre-Alkalyn EFX Powder - 210g","All American EFX","6",""
"5124","637480077057","Endulge Cups, Peanut Butter - 5 packs","Atkins Nutritionals","60","Kamil Gadek: \"Data waznosci do 20/10/15\".
Krzysztof Korbecki: \"Exp 21-10-15\"."
"5240","665553200194","Creatine Monohydrate - 1000g","AllMax Nutrition","2",""
"5246","898684224429","Nolvadren XT - 56 caps","MAN","24",""
"5248","027434012065","Norwegian Cod Liver Oil - 250 softgels","Twinlab","1",""
"5402","637480025805","Advantage Meal Bars, Cookies & Creme - 5 bars","Atkins Nutritionals","36","Kamil Gadek: \"Data waznosci do 29/10/15 \"."
"5471","768990018084","Ultimate Omega-D3, Sport, 1000mg - 60 softgels","Nordic Naturals","3",""
"5478","733739033727","Air Defense, Immune Booster - 90 vcaps","NOW Foods","1",""
"5479","733739030368","Aloe Vera Gels - 100 softgels","NOW Foods","14",""
"5480","733739030856","Alpha GPC - 60 vcaps","NOW Foods","24",""
"5481","733739007179","AlphaSorb-C, 500mg - 180 vegcaps","NOW Foods","2",""
"5482","733739000132","Amino Complete - 360 caps","NOW Foods","8",""
"5483","733739076700","Avocado Oil - 118 ml.","NOW Foods","12",""
"5484","733739004468","Vitamin B-1, (Thiamine), 100mg - 100 tabs","NOW Foods","6",""
"5486","733739004581","Vitamin B-6, 100mg - 250 caps","NOW Foods","8",""
"5489","733739020079","Beta Alanine, 2000mg (Powder) - 500g","NOW Foods","14",""
"5493","733739004055","Co-Enzyme B-Complex - 60 tabs","NOW Foods","4",""
"5494","733739017260","Coconut Oil - Virgin, Organic - 591 ml.","NOW Foods","30",""
"5497","733739037985","EVE Superior Women's Multi - 120 vegcaps","NOW Foods","36",""
"5502","733739001139","L-Lysine, 1000mg (Caps) - 100 tabs","NOW Foods","14",""
"5504","733739001627","L-Tyrosine, Caps - 120 caps","NOW Foods","60",""
"5505","733739029584","Optimal Digestive System - 90 vcaps","NOW Foods","12",""
"5631","094922015709","Keratin Booster Biotin and Resveratrol - 60 caps","ReserveAge","5",""
"5633","027434030526","Women's Ultra Daily - 120 caps","Twinlab","3",""
"5635","027434031059","Krill Essentials Omega-3 Cardio Krill Oil - 60 softgels","Twinlab","4",""
"5694","733739012739","Coral Calcium, 1000mg (Caps) - 100 caps","NOW Foods","6",""
"5718","094922380715","Noxitest - 90 caps","CTD Labs","24",""
"5719","094922903235","Noopept, Cherry - 50 tabs","CTD Labs","36",""
"6002","768990027901","Ultimate Omega, Lemon - 120 softgels","Nordic Naturals","18",""
"6003","733739002143","L-Citrulline, Powder - 113g","NOW Foods","2",""
"6029","733739069689","Stevia, Balance, with Inulin and Chromium - 100 packets","NOW Foods","3",""
"6032","733739069603","Stevia, Certified Organic, Extract Powder - 28g","NOW Foods","60",""
"6033","733739069436","Stevia, Certified Organic, Extract Powder - 113g","NOW Foods","60",""
"6036","733739069795","Stevia, Liquid Extract, French Vanilla - 60 ml.","NOW Foods","36",""
"6037","733739069559","Stevia, Liquid Extract, Original - 60 ml.","NOW Foods","6",""
"6038","733739069801","Stevia, Liquid Extract, Organic - 60 ml.","NOW Foods","24",""
"5097","733739016508","Omega-3, Molecularly Distilled, Fish Oil - 100 softgels","NOW Foods","180",""
"6104","637480025300","Advantage Meal Bars, Chocolate Chip Cookie Dough - 5 bars","Atkins Nutritionals","24",""
"6106","791083304894","AdvantEdge Carb Control Bars, Chocolate Peanut Butter - 12 bars","EAS","4","Maciej Gielazun: \"@1/December/ 2015@\".
Pawe? Lisiewski: \"@1/December/ 2015@\"."
"6118","039442048882","Proton 7, Chocolate Milkshake - 2267g","Universal Nutrition","4",""
"6155","753950001046","Best Alpha Lipoic Acid, 150mg - 120 caps","Doctor's Best","1",""
"6156","027434009058","Daily One Caps, With Iron - 90 caps","Twinlab","2",""
"6163","047469052294","Alpha Lipoic Acid TR, Time Release, 600mg - 45 tabs","Natrol","4",""
"6225","033674154137","EfaGold Borage, 1300mg - 60 softgels","Nature's Way","1",""
"6226","016185128965","Super Collagen + C Type 1&3 - 250 tabs","NeoCell","10",""
"6227","016185019867","Super Collagen + C Type 1&3 - 198g","NeoCell","5",""
"4899","898684000184","Body Octane, Lemon Lime - 318g","MAN","4",""
"6461","793573185433","Quest Bar, Banana Nut Muffin (Stevia Sweetened) - 12 bars","Quest Nutrition","240","Michal Kadela: \"09 styczen 16\"."
"6469","856036003191","Casein, Chocolate - 900g","4 Dimension Nutrition","4",""
"6474","856036003177","Glutamine - 300g","4 Dimension Nutrition","1",""
"6497","616641665838","Form-XT - 60 caps","LG Sciences","7","Krzysztof Korbecki: \"@February 2016@\"."
"6524","733739017253","Coconut Oil - Virgin, Organic - 355 ml.","NOW Foods","24","Krzysztof Kotlarski: \"1szt zniszczona\"."
"6596","733739006080","Ascorbyl Palmitate, 500mg - 100 vcaps","NOW Foods","2",""
"6597","733739004208","Vitamin B-50 - 100 caps","NOW Foods","72",""
"6598","733739017154","Black Currant Oil, 500mg - 100 softgels","NOW Foods","8",""
"6599","733739012272","Bone Calcium - 240 tabs","NOW Foods","2",""
"6602","733739024206","Brewer's Yeast, Powder - 454g","NOW Foods","2",""
"6609","733739032133","CoQ10, 100mg (with Hawthorn Berry) - 180 vcaps","NOW Foods","3",""
"6614","733739029560","Dairy Digest Complete - 90 vcaps","NOW Foods","4",""
"6617","733739051509","Single Gelatin Caps - 1000 empty capsules","NOW Foods","24",""
"6620","733739075468","Essential Oil, Eucalyptus Oil - 118 ml.","NOW Foods","8",""
"6621","733739075536","Essential Oil, Grapefruit Oil - 30 ml.","NOW Foods","2",""
"6625","733739017727","Flax Oil, 1000mg - 250 softgels","NOW Foods","3",""
"6627","733739059932","Fiber-3 - 454g","NOW Foods","8",""
"6628","733739032485","Grape Seed, Antioxidant Protection - 100 vcaps","NOW Foods","10",""
"6636","733739012777","Magnesium & Calcium, With Zinc and Vitamin D3 - 100 tablets","NOW Foods","36",""
"6637","733739016263","Neptune Krill Oil, 500mg - 120 softgels","NOW Foods","8",""
"6639","733739042316","Nighttime Tea - 24 tea bags","NOW Foods","3",""
"6641","733739018403","Pumpkin Seed Oil, 1000mg - 100 softgels","NOW Foods","8",""
"6643","733739032706","Shark Cartilage, 750mg - 100 caps","NOW Foods","9",""
"6644","733739001528","Tri-Amino - 120 caps","NOW Foods","6",""
"6645","733739033802","True Balance - 120 caps","NOW Foods","8",""
"6648","753950001572","High Absorption CoQ10, 400mg - 60 veggie caps","Doctor's Best","2",""
"6783","768990027604","Omega-3, Purified Fish Oil, Lemon - 120 softgels","Nordic Naturals","4",""
"6797","718774332301","Power Straps with Neoprene Padding, Black - 1 pair","Flexsports","8",""
"6804","768990537875","Baby's DHA, With Vitamin D3 - 60 ml.","Nordic Naturals","16",""
"6808","733739015440","Full Spectrum Minerals, Iron-Free - 120 caps","NOW Foods","5",""
"6810","793573169778","Cravings Cups, Peanut Butter - 12 packages","Quest Nutrition","180","Michal Kadela: \"@30 grudzien 15@\"."
"7059","829835931002","Green SuperFood, Original - 240g","Amazing Grass","12",""
"7060","829835012008","Wheat Grass Organic, Tablets - 200 tabs","Amazing Grass","1",""
"7066","637480025850","Advantage Snack Bars, Cashew Trail Mix - 5 bars","Atkins Nutritionals","12",""
"7080","753950002043","Best Collagen Types 1 & 3, 1000mg - 180 tabs","Doctor's Best","14",""
"7082","753950001268","Best L-Tryptophan featuring TryptoPure, 500mg - 90 vcaps","Doctor's Best","3",""
"7083","753950000971","Best MSM, 1500mg - 120 tabs","Doctor's Best","5",""
"7086","753950001497","Best Serrapeptase - 90 vcaps","Doctor's Best","4",""
"7089","753950002005","Sustained Plus Immediate Release L-Arginine, 500mg - 120 tabs","Doctor's Best","2","Kamil Gadek: \"@February2016@\"."
"7103","898684001198","PR-XT - 168 caps","MAN","1","Kamil Gadek: \"@10September2015@\"."
"7112","061998619605","Adult's Probiotic, Udo's Choice - 60 caps","Flora","8",""
"7129","021078013037","Essential Enzymes, Daily, 500mg - 240 vcaps","Source Naturals","2",""
"7136","027434035996","Ripped Fuel - 200 tabs","Twinlab","2","Krzysztof Korbecki: \"@ 31 December 2015@\"."
"7146","033674134504","American Ginseng Root, 550mg - 50 caps","Nature's Way","2",""
"7166","733739075451","Essential Oil, Eucalyptus Oil - 30 ml.","NOW Foods","8",""
"7360","039442008510","Animal Shaker - Black (700 ml.)","Universal Nutrition","240",""
"7408","039442042385","Amino 1000 - 500 caps","Universal Nutrition","12",""
"7416","039442051608","Arbuterol - 60 tabs","Universal Nutrition","36",""
"7423","039442052438","Atomic 7, Lectric Lemon Lime - 393g","Universal Nutrition","36",""
"7425","039442052148","BCAA Stack, Lemon Lime - 1000g","Universal Nutrition","48",""
"7426","039442052131","BCAA Stack, Lemon Lime - 250g","Universal Nutrition","24",""
"7437","039442046611","Glutamine - 300g","Universal Nutrition","24",""
"7409","039442027054","Amino 2250 - 100 tabs","Universal Nutrition","12",""
"7611","733739047212","Maca, 500mg - 100 caps","NOW Foods","60",""
"7615","733739014320","GTF Chromium, 200mcg - 250 tabs","NOW Foods","3",""
"7616","733739047588","Horny Goat Weed Extract, 750mg - 90 tablets","NOW Foods","120",""
"7925","737190002346","Kre-Alkalyn Hardcore - 120 caps","All American EFX","24",""
"7931","696859122781","CLA - 180 softgels","CTD Labs","24",""
"8015","829835000128","Green SuperFood, Cacao Chocolate Infusion - 480g","Amazing Grass","12",""
"8019","793573214546","Quest Bar, Chocolate Chip Cookie Dough - 12 bars","Quest Nutrition","2280","Michal Kadela: \"@14/styczen/2016@\".
Maciej Gielazun: \"@14/January/2016@


Na palecie nr 17/30 te same batony sa w tej samej dacie co wyzej\"."
"8020","665553202419","L-Carnitine, Caps - 120 caps","AllMax Nutrition","1",""
"8023","793573234599","Quest Bar, White Chocolate Raspberry - 12 bars","Quest Nutrition","1200","Michal Kadela: \"@7/styczen/ 16@\".
Pawe? Lisiewski: \"@7/styczen/2016@\"."
"8139","039442010421","Milk & Egg Protein, Vanilla - 682g","Universal Nutrition","12",""
"8161","733739033178","Apple Cider Vinegar, 450mg - 180 caps","NOW Foods","5",""
"8178","733739016591","Omega-3 Fish Oil, Lemon - 200 ml.","NOW Foods","6","Kamil Gadek: \"@31January2016@\".
Krzysztof Korbecki: \"@ 31 January 2016@\"."
"8180","733739033130","Cholesterol Support - 90 vcaps","NOW Foods","4",""
"8181","733739000774","L-Cysteine, 500mg - 100 tabs","NOW Foods","2",""
"8183","733739006301","Vitamin C-500, Chewable Orange - 100 tabs","NOW Foods","4",""
"8185","733739062444","Chia Seed (black), Organic - 340g","NOW Foods","8",""
"8187","733739032430","Glucosamine & Chondroitin, Extra Strength - 120 tabs","NOW Foods","14",""
"8188","733739008947","Vitamin E, 400 IU - 250 softgels","NOW Foods","6",""
"8195","733739021267","MSM, 1800mg (Powder) - 454g","NOW Foods","5",""
"8196","733739021212","MSM, 2000mg (Caps) - 240 caps","NOW Foods","2",""
"8197","733739032911","Joint Support, Powder - 312g","NOW Foods","1",""
"8199","733739002402","L-Lysine, 1000mg (Powder) - 454g","NOW Foods","3",""
"8201","733739021724","Whey Protein Isolate, Natural Unflavored - 544g","NOW Foods","12",""
"8202","733739021359","Pea Protein, Unflavored - 907g","NOW Foods","12",""
"8207","733739048042","Acai, Liquid Concentrate - 473 ml.","NOW Foods","4",""
"8209","733739069535","Stevia Glycerite - Alcohol-Free - 237 ml.","NOW Foods","12",""
"8212","733739004529","Vitamin B-12 Ultra, Liquid - 118 ml.","NOW Foods","6",""
"8214","733739050823","Vanilla Extract, Certified Organic - 60 ml.","NOW Foods","4",""
"8215","733739069306","Stevia, Liquid Extract, Coconut - 60 ml.","NOW Foods","5",""
"8216","733739075956","Essential Oil, Rose Hip Seed Oil - 30 ml.","NOW Foods","3",""
"8218","733739069818","Stevia, Liquid Extract, Hazelnut - 60 ml.","NOW Foods","5",""
"8219","733739069320","Stevia, Liquid Extract, Pomegranate Blueberry - 60 ml.","NOW Foods","5",""
"8220","733739069221","Stevia, Liquid Extract, Tropical Fruits - 60 ml.","NOW Foods","5",""
"8221","733739069870","Stevia, Liquid Extract, Lemon Twist - 60 ml.","NOW Foods","12",""
"8223","733739075604","Essential Oil, Lavender Oil - 30 ml.","NOW Foods","3",""
"8225","733739076250","Essential Oil, Tea Tree Oil - 30 ml.","NOW Foods","8",""
"8227","733739075857","Essential Oil, Peppermint Oil - 30 ml.","NOW Foods","4",""
"8228","733739004642","Vitamin B-12, Liquid B-Complex - 60 ml.","NOW Foods","6",""
"8233","733739006929","Vitamin C-1000, with 100mg Bioflavonid - 250 caps","NOW Foods","48",""
"8234","733739012401","Calcium Citrate, 100% Pure Powder - 227g","NOW Foods","24",""
"8237","733739017574","Super Primrose, 1300mg - 120 softgels","NOW Foods","12",""
"8240","733739050359","Maca Powder, 100% Certified Organic - 198g","NOW Foods","24",""
"8242","094922978622","Resveratrol, 250mg - 60 caps","ReserveAge","1",""
"8245","733739014528","Potassium plus Iodine - 180 tabs","NOW Foods","2",""
"8248","733739004949","TMG, 1000mg - 100 tabs","NOW Foods","12",""
"8249","733739032300","Cranberry Concentrate - 100 caps","NOW Foods","14",""
"8251","733739001320","L-Phenylalanine, 500mg - 120 caps","NOW Foods","5",""
"8252","733739023117","Sunflower Lecithin, 1200mg - 100 softgels","NOW Foods","24",""
"8254","733739012951","Magnesium Citrate, Powder - 227g","NOW Foods","40",""
"8255","733739014627","Potassium Gluconate, 99mg - 250 tabs","NOW Foods","6",""
"8256","733739047298","Pygeum & Saw Palmetto - 120 softgels","NOW Foods","12",""
"8257","733739033048","Brain Elevate - 120 vcaps","NOW Foods","6",""
"8259","733739029669","Plant Enzymes - 120 vcaps","NOW Foods","6",""
"8261","733739031884","CoQ10, 30mg - 120 vcaps","NOW Foods","24",""
"8263","733739033475","Caprylic Acid, 600mg - 100 softgels","NOW Foods","6",""
"8268","733739015228","Zinc, 50mg - 250 tabs","NOW Foods","60",""
"8272","733739047274","Peppermint Gels - 90 softgels","NOW Foods","4",""
"8273","733739035103","Cholesterol Pro - 120 tabs","NOW Foods","6",""
"8276","733739035080","Sytrinol - 120 vcaps","NOW Foods","4",""
"8278","733739001337","L-Proline, 500mg - 120 vcaps","NOW Foods","12",""
"8279","733739029591","Gluten Digest - 60 vcaps","NOW Foods","3",""
"8280","733739009920","MK-7, Vitamin K-2, 100mcg - 60 vcaps","NOW Foods","36",""
"8281","733739000965","Glutathione, 250mg - 60 vcaps","NOW Foods","12",""
"8351","039442011220","Carbo Plus, Unflavored - 455g","Universal Nutrition","36",""
"8405","837654125564","About Time Vegan Protein Formula, Chocolate - 908g","SDC Nutrition","10",""
"8406","837654125571","About Time Vegan Protein Formula, Vanilla - 908g","SDC Nutrition","6",""
"8407","813314012948","Liquid Sweetener, Monk Fruit - 50 ml.","SkinnyGirl Daily","4",""
"8409","813314012986","Organic Stevia, Extract Blend - 40 sachets","SkinnyGirl Daily","4",""
"8410","813314012931","Stevia Extract, Liquid Sweetener - 50 ml.","SkinnyGirl Daily","24",""
"8465","793573225917","Quest Bar, Double Chocolate Chunk (Stevia Sweetened) - 12 bars","Quest Nutrition","480","Michal Kadela: \"@23 styczen 16@\"."
"8872","737190002537","Test Charge, Hardcore Kit - 30 day kit","All American EFX","4",""
"8890","793573238474","Quest Bar, Cookies & Cream - 12 bars","Quest Nutrition","2880","Michal Kadela: \"@19/styczen/16@\".
Kamil Gadek: \"@19January2016@ 2 szt zniszczone\"."
"9508","700112804038","Chocolate Peanut Butter - 454g","Nuts 'n More","120","Maciej Gielazun: \"@30/Jun/2015@  uszkodzony\".
Pawe? Lisiewski: \"@30/June/ 2015@\"."
"9509","700220626980","Cinnamon Raisin Almond Butter - 448g","Nuts 'n More","50","Maciej Gielazun: \"@30/July/ 2015@\".
Pawe? Lisiewski: \"@31/July/ 2015@\"."
"9511","609132002427","Peanut Butter - 454g","Nuts 'n More","108",""
"9510","700465735706","Toffee Peanut Butter Crunch - 454g","Nuts 'n More","200","
Pawe? Lisiewski: \"@31/December/ 2015@\"."
"9495","609456771535","Almond Butter - 448g","Nuts 'n More","50","Kamil Gadek: \"Krotka data do 06/15\".
Krzysztof Korbecki: \"Exp 07-15\"."
"9587","733739026750","Kelp Caps, 325 mcg - 250 veggie caps","NOW Foods","2",""
"9939","768990027239","Children's DHA, Strawberry - 237 ml.","Nordic Naturals","2",""
"20006","696859122798","Noxivol, Fruit Punch - 320g","CTD Labs","24",""
"20026","733739012708","Magnesium & Calcium - 100 tablets","NOW Foods","24",""
"20049","856036003757","Liquid L-Carnitine 1500, Peach Mango - 473 ml.","4 Dimension Nutrition","4",""
"20281","696859122804","Noxivol, Pineapple Strawberry - 311g","CTD Labs","24",""
"20466","718774346353","Power Wrist Sport Gloves, Black & White - Large","Flexsports","6",""
"20731","856036003320","Ultra Pure Omega-3 - 100 softgels","4 Dimension Nutrition","2",""
"20737","753950001633","Betaine HCl Pepsin & Gentian Bitters - 120 caps","Doctor's Best","2",""
"20749","857648001254","Diesel Test Limited Edition - 120 tabs","Get Diesel Nutrition","2",""
"20750","713757373234","Coco Protein, Chocolate - 12 bottles","MusclePharm","144",""
"20751","696859257995","Coco Protein, Pina Colada - 12 bottles","MusclePharm","144",""
"20752","047469040932","5-HTP, 100mg - 30 caps","Natrol","4",""
"20753","047469051723","5-HTP Time Release, 200mg - 30 tabs","Natrol","4",""
"20756","047469051129","Easy-C, 1000mg - 180 tabs","Natrol","2",""
"20757","047469045159","Hyaluronic Acid MSM & Glucosamine - 90 caps","Natrol","5","Kamil Gadek: \"@January2016@\"."
"20758","047469052348","L-Arginine, 3000mg - 90 tabs","Natrol","5",""
"20759","047469040406","Omega-3 Fish Oil, 1000mg - 150 softgels","Natrol","5",""
"20760","047469009984","Omega 3-6-9 Complex - 90 Softgels","Natrol","5",""
"20761","047469001261","Pure Super CitriMax, 500mg - 90 caps","Natrol","1",""
"20776","799975980454","Pumpkin Spice Peanut Butter - 454g","Nuts 'n More","108",""
"20794","033674452509","5-HTP, 50mg - 60 tabs","Nature's Way","5","Kamil Gadek: \"@31July2015@\"."
"20796","033674020708","Charcoal Activated, 280mg - 100 caps","Nature's Way","5",""
"20797","033674158470","African Mango Standarized - 60 vcaps","Nature's Way","3",""
"20798","033674150924","Alive! Whole Food Energizer Multi-Vitamin Max Potency, No Added Iron - 90 vcaps","Nature's Way","4",""
"20799","033674150900","Alive! Whole Food Energizer Multi-Vitamin Max Potency, With Iron - 90 vcaps","Nature's Way","4",""
"20801","033674156858","Alive! Once Daily Men's Ultra Potency - 60 tabs","Nature's Way","4",""
"20806","033674156735","Coconut Oil Extra Virgin Organic - 454g","Nature's Way","4",""
"20805","033674100097","Coconut Oil Pure Extra Virgin, 1000mg - 120 softgels","Nature's Way","2",""
"20849","021078002550","Ornithine Alpha-Ketoglutarate Powder - 113g","Source Naturals","1",""
"20853","033674158579","Liquid Coconut Premium Oil - 296 ml.","Nature's Way","4",""
"----------","","----------","----------","2","Maciej Gielazun: \"Amazing Grass  amazing meal  23.6oz  original blend  @31/December/ 2015@\".
Krzysztof Korbecki: \"Doctors best betaine HCl pepsin& gentian bitters 120 cap\"."
"----------","039442013590","----------","----------","8","Kamil Gadek: \"Universal Nutrition Ultra Mass 4500 Chocolate 4.23kg\".
Krzysztof Korbecki: \"Universal nutrition ultra mass 4500 4 23 kg\"."
"----------","039442042224","----------","----------","48","Krzysztof Korbecki: \"Universal nutrition fat burners 110 tables\"."
"----------","039442048806","----------","----------","48","Kamil Gadek: \"Universal Uni-Vite 120 caps\".
Krzysztof Korbecki: \"Universal nutrition uni vite 120 caps\"."
"----------","039442130112","----------","----------","5012","Michal Kadela: \"Universal  animal pak  44 packs Universal  animal pak  44 paks Universal  animal pak  44 packs\".
Maciej Gielazun: \"Universal  pak - 44 \".
Krzysztof Korbecki: \"Universal nutrition animal pak 44 paks Universal nutrition pak 44 \".
Artur Kubiak: \"Animal pak uniwersal nutrition 44 pack\".
Pawe? Lisiewski: \"Universal Animal PAK 44\"."
"----------","039442130129","----------","----------","60","Michal Kadela: \"Universal  animal pak  15 packs\"."
"----------","039442130235","----------","----------","600","Michal Kadela: \"Universal  animal stak\".
Krzysztof Korbecki: \"Universal nutrition animal stak 21 packs \"."
"----------","039442130280","----------","----------","600","Michal Kadela: \"Universal  animal m- stak  21 packs\"."
"----------","10888849000507","----------","----------","1","Krzysztof Korbecki: \"\"."
"----------","609492730251","----------","----------","1","Krzysztof Korbecki: \"Mrm driven strawberries kiwi 350 g\"."
"----------","666222093925","----------","----------","3","Kamil Gadek: \"MHP No-Bomb 90caps \"."
"----------","675941002019","----------","----------","1","Krzysztof Korbecki: \"New whey beta NOx 12 tubes citrus blast \"."
"----------","708235089523","----------","----------","4","Krzysztof Korbecki: \"absolute nutrition forskolin 30 cap\"."
"----------","718774346346","----------","----------","4","Pawe? Lisiewski: \"Flexsports Power Wrist 
Wrist Wrap Gloves Size M Black/ White\"."
"----------","733739006806","----------","----------","36","Artur Kubiak: \"Now C-1000 with rose hips 100 tablets\"."
"----------","813314013525","----------","----------","3","Pawe? Lisiewski: \"Skinny Girl Blueberry Acai 48ml
@02/June/ 2015@\"."
"----------","813314013532","----------","----------","3","Kamil Gadek: \"Skinnygirl water enhancer Fuji apple 48ml @26May2015@\"."
"----------","813314013570","----------","----------","3","Kamil Gadek: \"Skinnygirl water enhancer tangerine pink grapefruit 48ml\"."
"----------","829835000593","----------","----------","2","Kamil Gadek: \"Amazing Grass Amazing Meal 30servings @June2015@\"."
"----------","829835000616","----------","----------","1","Krzysztof Korbecki: \"Amazing grass amazing meal original blend 30 serving @ 31 December 2015@\"."
"----------","829835000784","----------","----------","1","Krzysztof Korbecki: \"Amazing grass raw reserve original 240 g\"."
"----------","829835001255","----------","----------","2","Maciej Gielazun: \"Amazing Grass  amazing meal  801g  caf√© mocha  @30/July/ 2015@\".
Krzysztof Korbecki: \"Amazing grass amazing meal cafe mocha 801 g @ 31 July 2015@\"."
"----------","837654129333","----------","----------","2","Krzysztof Korbecki: \"All natural about time chocolate 908 g\"."
"----------","837654129340","----------","----------","2","Krzysztof Korbecki: \"All natural about time vanilla 908 g \"."
"----------","850748005047","----------","----------","2","Krzysztof Korbecki: \"Vmi sports train fresh fruit punch 214 4 g\"."
"----------","850748005160","----------","----------","2","Kamil Gadek: \"VMI Sports Tran 202.6g apple martini \"."
"----------","857254000504","----------","----------","2","Kamil Gadek: \"Beverly Lean Out 120caps\"."
"----------","X000GRHQ8H","----------","----------","6","Kamil Gadek: \"Colossal Labs TestoFreak 60 caps @September2015@\".
Pawe? Lisiewski: \"Colossal Labs TestoFreak 60 caps\"."
""
"Comments:"
"Username","Comment","Creted date"
