"Department Name","Carrier Name","Product Name","Account Number","Contract Number","Shipment No.","Partner No.","Shipping Date","No. Of Parcels","Weight","Product Group","Manifest no.","Creation Time","Collection Business Name","Collection Contact Name","Collection Address Line 1","Collection Address Line 2","Collection Address Line 3","Collection Town","Collection Postcode","Collection Country","Address Code","Sequence Number","Recipient Business Name","Recipient Contact Name","Recipient Address Line 1","Recipient Address Line 2","Recipient Address Line 3","Recipient Town","Recipient Postcode","Recipient Country","Special Instruction 1","Special Instruction 2","Special Instruction 3","Special Instruction 4","Booking in Required","Pre-Paid","Collection  Time","Saturday Delivery","Reference Number 1","Reference Number 2","Reference Number 3","Reference Number 4","Reference Number 5","Compensation"
"POWER BODY","PARCELFORCE WORLDWIDE","Euro Priority Business","SEB338701","P346144","EK029328804GB","982633242684","06/05/2014","1","23.000","INTF","8159","29:36:13:05:06:2014","POWER BODY","P346144","UNIT 6","HUDSON WAY","YORK BUSINESS PARK NETHER POPPLETON","YORK","YO26 6RN","GB","68539","001","XTREME NUTRITION -NUTRICAO DES","JOSE OLIVEIRA","ALAMEDA SANTA MARTA","PINHAL NO 3 D","SEIXAL","SANTA MARTA PINHAL - CORROIOS","2855-576","PT","","","","","NO","NO","17:00","NO","468113","","","","",""
"POWER BODY","PARCELFORCE WORLDWIDE","Express 24","SEB338701","P346144","TY0583575","","06/05/2014","1","0.000","SKEL","8160","40:50:13:05:06:2014","POWER BODY","P346144","UNIT 6","HUDSON WAY","YORK BUSINESS PARK NETHER POPPLETON","YORK","YO26 6RN","GB","98659","001","ANDY ROBERTS BJJ LTD","ANDREW ROBERTS","40 COVE ROAD","","","FARNBOROUGH","GU14 0EN","GB","","","","","NO","NO","17:00","NO","470621","","","","",""
"POWER BODY","PARCELFORCE WORLDWIDE","Express 24","SEB338701","P346144","TY0118883","","06/05/2014","1","0.000","SKEL","8160","45:07:07:05:06:2014","POWER BODY","P346144","UNIT 6","HUDSON WAY","YORK BUSINESS PARK NETHER POPPLETON","YORK","YO26 6RN","GB","","","VITAMIN SHOP ONLINE LTD","ROBERT RZEZNICZAK","555 WHITE HART LANE","LANE ZONE F","","LONDON","N17 7RP","GB","","","","","NO","NO","17:00","NO","469591","","","","",""
"POWER BODY","PARCELFORCE WORLDWIDE","Express 48","SEB338701","P346144","TY0862425","","06/05/2014","1","0.000","SKEL","8160","53:12:17:05:06:2014","POWER BODY","P346144","UNIT 6","HUDSON WAY","YORK BUSINESS PARK NETHER POPPLETON","YORK","YO26 6RN","GB","","","MARIUSZ GMITEREK","","10 SECOND AVENUE","","KENT","CHATHAM","ME4 5AU","GB","","","","","NO","NO","17:00","NO","470698","","","","",""
"POWER BODY","PARCELFORCE WORLDWIDE","Euro Priority Business","SEB338701","P346144","EK029347635GB","982633256575","06/05/2014","1","4.000","INTF","8159","52:16:17:05:06:2014","POWER BODY","P346144","UNIT 6","HUDSON WAY","YORK BUSINESS PARK NETHER POPPLETON","YORK","YO26 6RN","GB","","","CUMMINS SPORTS","BARRY RAFFERTY","UNIT2 BLOCK1 WATERFRONT","BUSINESS PARK LITTLE ISLAND","CORK","CORK","0000","IE","","","","","NO","NO","17:00","NO","470770","","","","",""
"POWER BODY","PARCELFORCE WORLDWIDE","Euro Priority Business","SEB338701","P346144","EK029328781GB","982633242660","06/05/2014","1","23.000","INTF","8159","27:36:13:05:06:2014","POWER BODY","P346144","UNIT 6","HUDSON WAY","YORK BUSINESS PARK NETHER POPPLETON","YORK","YO26 6RN","GB","68539","001","XTREME NUTRITION -NUTRICAO DES","JOSE OLIVEIRA","ALAMEDA SANTA MARTA","PINHAL NO 3 D","SEIXAL","SANTA MARTA PINHAL - CORROIOS","2855-576","PT","","","","","NO","NO","17:00","NO","468113","","","","",""
"POWER BODY","PARCELFORCE WORLDWIDE","Express 24","SEB338701","P346144","TY0484198","","06/05/2014","3","0.000","SKEL","8160","32:54:12:05:06:2014","POWER BODY","P346144","UNIT 6","HUDSON WAY","YORK BUSINESS PARK NETHER POPPLETON","YORK","YO26 6RN","GB","93313","001","DC SPORTS SUPPLIES","DERRICK CLARKE","23 SQUARE ROAD","","BERWICK MILL","HALIFAX","HX1 1QG","GB","","","","","NO","NO","17:00","NO","470563","","","","",""
"POWER BODY","PARCELFORCE WORLDWIDE","Express 24","SEB338701","P346144","TY0344978","","06/05/2014","1","0.000","SKEL","8160","46:36:11:05:06:2014","POWER BODY","P346144","UNIT 6","HUDSON WAY","YORK BUSINESS PARK NETHER POPPLETON","YORK","YO26 6RN","GB","91878","001","FORTIS TRADING LTD","MATTHEW GADD","4 UNION STREET","THE IRONWORKS, UNION STREET","","OLDHAM","OL2 5JD","GB","","","","","NO","NO","17:00","NO","470487","","","","",""
"POWER BODY","PARCELFORCE WORLDWIDE","Euro Priority Business","SEB338701","P346144","EK029300899GB","982633223126","06/05/2014","1","27.000","INTF","8159","32:21:07:05:06:2014","POWER BODY","P346144","UNIT 6","HUDSON WAY","YORK BUSINESS PARK NETHER POPPLETON","YORK","YO26 6RN","GB","","","HDS ENERGY LTD.","ROBERT FILIP","KELLS BUSINESS PARK","KELLS","MEATH","MEATH","MEATMEA","IE","","","","","NO","NO","17:00","NO","470288","","","","",""
"POWER BODY","PARCELFORCE WORLDWIDE","Express 24","SEB338701","P346144","TY0399849","","06/05/2014","3","0.000","SKEL","8160","54:07:12:05:06:2014","POWER BODY","P346144","UNIT 6","HUDSON WAY","YORK BUSINESS PARK NETHER POPPLETON","YORK","YO26 6RN","GB","53443","001","DOMINATE FITNESS","MICHAEL ARGYROU","72","HIGH STREET","","STEVENAGE","SG1 3EA","GB","","","","","NO","NO","17:00","NO","470504","","","","",""
"POWER BODY","PARCELFORCE WORLDWIDE","Euro Priority Business","SEB338701","P346144","EK029329067GB","982633242882","06/05/2014","1","20.000","INTF","8159","49:38:13:05:06:2014","POWER BODY","P346144","UNIT 6","HUDSON WAY","YORK BUSINESS PARK NETHER POPPLETON","YORK","YO26 6RN","GB","74235","001","OPTIMALEN SPORT D.O.O.","MARKO CVETKOVIC","SLOVENSKA VAS 6G","","","JESENICE NA DOLENJSKEM","8261","SI","","","","","NO","NO","17:00","NO","462538","","","","",""
"POWER BODY","PARCELFORCE WORLDWIDE","Euro Priority Business","SEB338701","P346144","EK029328778GB","982633242653","06/05/2014","1","23.000","INTF","8159","27:36:13:05:06:2014","POWER BODY","P346144","UNIT 6","HUDSON WAY","YORK BUSINESS PARK NETHER POPPLETON","YORK","YO26 6RN","GB","68539","001","XTREME NUTRITION -NUTRICAO DES","JOSE OLIVEIRA","ALAMEDA SANTA MARTA","PINHAL NO 3 D","SEIXAL","SANTA MARTA PINHAL - CORROIOS","2855-576","PT","","","","","NO","NO","17:00","NO","468113","","","","",""
"POWER BODY","PARCELFORCE WORLDWIDE","Euro Priority Business","SEB338701","P346144","EK029329305GB","982633243025","06/05/2014","1","12.000","INTF","8159","54:40:13:05:06:2014","POWER BODY","P346144","UNIT 6","HUDSON WAY","YORK BUSINESS PARK NETHER POPPLETON","YORK","YO26 6RN","GB","47715","001","BEST BODY","BARTLOMIEJ MUCHA","RYNEK 15","","","SKAWINA","32-050","PL","","","","","NO","NO","17:00","NO","468616","","","","",""
"POWER BODY","PARCELFORCE WORLDWIDE","Euro Priority Business","SEB338701","P346144","EK029329075GB","982633242899","06/05/2014","1","20.000","INTF","8159","50:38:13:05:06:2014","POWER BODY","P346144","UNIT 6","HUDSON WAY","YORK BUSINESS PARK NETHER POPPLETON","YORK","YO26 6RN","GB","74235","001","OPTIMALEN SPORT D.O.O.","MARKO CVETKOVIC","SLOVENSKA VAS 6G","","","JESENICE NA DOLENJSKEM","8261","SI","","","","","NO","NO","17:00","NO","462538","","","","",""
"POWER BODY","PARCELFORCE WORLDWIDE","Express 24","SEB338701","P346144","TY0119393","","06/05/2014","2","0.000","SKEL","8160","14:15:07:05:06:2014","POWER BODY","P346144","UNIT 6","HUDSON WAY","YORK BUSINESS PARK NETHER POPPLETON","YORK","YO26 6RN","GB","","","FREAKBODY LTD","MARIUSZ CHMIELEWSKI","20-21","CRIGHTON PLACE","","EDINBURGH","EH7 4NY","GB","","","","","NO","NO","17:00","NO","469894","","","","",""
"POWER BODY","PARCELFORCE WORLDWIDE","Express 24","SEB338701","P346144","TY0628864","","06/05/2014","2","0.000","SKEL","8160","55:16:14:05:06:2014","POWER BODY","P346144","UNIT 6","HUDSON WAY","YORK BUSINESS PARK NETHER POPPLETON","YORK","YO26 6RN","GB","48955","001","XXX-NUTRITION LTD","IOANNIS KAKAVOURIS","UNIT 20A,","AIRPORT INDUSTRIAL ESTATE","KINGSTON PARK","NEWCASTLE UPON TYNE","NE3 2EF","GB","","","","","NO","NO","17:00","NO","470645","","","","",""
"POWER BODY","PARCELFORCE WORLDWIDE","Express 24","SEB338701","P346144","TY0119455","","06/05/2014","3","0.000","SKEL","8160","27:16:07:05:06:2014","POWER BODY","P346144","UNIT 6","HUDSON WAY","YORK BUSINESS PARK NETHER POPPLETON","YORK","YO26 6RN","GB","","","HI DEFINITION","JON BIRKETT","331 KIRKSTALL ROAD","","","LEEDS","LS4 2HD","GB","","","","","NO","NO","17:00","NO","470015","","","","",""
"POWER BODY","PARCELFORCE WORLDWIDE","Express 24","SEB338701","P346144","TY0575795","","06/05/2014","3","0.000","SKEL","8160","04:45:13:05:06:2014","POWER BODY","P346144","UNIT 6","HUDSON WAY","YORK BUSINESS PARK NETHER POPPLETON","YORK","YO26 6RN","GB","32229","001","VITAMINSHOP / GLOBALBODYTECHSO","PRZEMYSLAW WOZNIAK","UNIT 3","215 HIGH STREET","","HOUNSLOW","TW3 1DN","GB","","","","","NO","NO","17:00","NO","469181","","","","",""
"POWER BODY","PARCELFORCE WORLDWIDE","Express 24","SEB338701","P346144","TY0391085","","06/05/2014","1","0.000","SKEL","8160","35:02:12:05:06:2014","POWER BODY","P346144","UNIT 6","HUDSON WAY","YORK BUSINESS PARK NETHER POPPLETON","YORK","YO26 6RN","GB","","","ACUITY LEGAL","STACEY JEFFREYS","3 ASSEMBLY SQUARE","BRITANNIA QUAY","","CARDIFF","CF10 4PL","GB","","","","","NO","NO","17:00","NO","470304","","","","",""
"POWER BODY","PARCELFORCE WORLDWIDE","Euro Priority Business","SEB338701","P346144","EK029328795GB","982633242677","06/05/2014","1","23.000","INTF","8159","28:36:13:05:06:2014","POWER BODY","P346144","UNIT 6","HUDSON WAY","YORK BUSINESS PARK NETHER POPPLETON","YORK","YO26 6RN","GB","68539","001","XTREME NUTRITION -NUTRICAO DES","JOSE OLIVEIRA","ALAMEDA SANTA MARTA","PINHAL NO 3 D","SEIXAL","SANTA MARTA PINHAL - CORROIOS","2855-576","PT","","","","","NO","NO","17:00","NO","468113","","","","",""
"POWER BODY","PARCELFORCE WORLDWIDE","Express 24","SEB338701","P346144","TY0426646","","06/05/2014","2","0.000","SKEL","8160","51:22:12:05:06:2014","POWER BODY","P346144","UNIT 6","HUDSON WAY","YORK BUSINESS PARK NETHER POPPLETON","YORK","YO26 6RN","GB","61406","001","SWIFTSUPPLEMENTS","RICHARD HALL","12","THE BROADWAY","","LONDON","E4 9LQ","GB","","","","","NO","NO","17:00","NO","470511","","","","",""
"POWER BODY","PARCELFORCE WORLDWIDE","Express AM","SEB338701","P346144","TY0854401","","06/05/2014","1","0.000","SKEL","8160","50:10:17:05:06:2014","POWER BODY","P346144","UNIT 6","HUDSON WAY","YORK BUSINESS PARK NETHER POPPLETON","YORK","YO26 6RN","GB","","","YAWL HOUSE","KINGA SOKOL","LYME ROAD","UPLYME","","LYME REGIS","DT7 3UZ","GB","","","","","NO","NO","17:00","NO","470619","","","","",""
"POWER BODY","PARCELFORCE WORLDWIDE","Euro Priority Business","SEB338701","P346144","EK029339435GB","982633250375","06/05/2014","1","13.000","INTF","8159","56:56:14:05:06:2014","POWER BODY","P346144","UNIT 6","HUDSON WAY","YORK BUSINESS PARK NETHER POPPLETON","YORK","YO26 6RN","GB","","","WOJCIECH MANKA","","21 SHANNONVALE","","LONGFORD","LONGFORD","LONGLON","IE","","","","","NO","NO","17:00","NO","465388","","","","",""
"POWER BODY","PARCELFORCE WORLDWIDE","Express 10","SEB338701","P346144","TY0192518","","06/05/2014","1","0.000","SKEL","8160","27:10:10:05:06:2014","POWER BODY","P346144","UNIT 6","HUDSON WAY","YORK BUSINESS PARK NETHER POPPLETON","YORK","YO26 6RN","GB","","","LUKASZ WROBEL","","23 FIRWOOD ROAD","","SOMERSET","FROME","BA11 4BA","GB","","","","","NO","NO","17:00","NO","469771","","","","",""
"POWER BODY","PARCELFORCE WORLDWIDE","Euro Priority Business","SEB338701","P346144","EK029300885GB","982633223119","06/05/2014","1","27.000","INTF","8159","31:21:07:05:06:2014","POWER BODY","P346144","UNIT 6","HUDSON WAY","YORK BUSINESS PARK NETHER POPPLETON","YORK","YO26 6RN","GB","","","HDS ENERGY LTD.","ROBERT FILIP","KELLS BUSINESS PARK","KELLS","MEATH","MEATH","MEATMEA","IE","","","","","NO","NO","17:00","NO","470288","","","","",""
"POWER BODY","PARCELFORCE WORLDWIDE","Express 24","SEB338701","P346144","TY0446022","","06/05/2014","6","0.000","SKEL","8160","37:32:12:05:06:2014","POWER BODY","P346144","UNIT 6","HUDSON WAY","YORK BUSINESS PARK NETHER POPPLETON","YORK","YO26 6RN","GB","18200","001","AMBRO HEALTH","GURJ RAI","36 ROSYTH CRESCENT","CHELLASTON","","DERBY","DE73 5WY","GB","","","","","NO","NO","17:00","NO","470528","","","","",""
"POWER BODY (B)","PARCELFORCE WORLDWIDE","Express 48","SEB338701","P346144","TY0814380","","06/05/2014","1","0.000","SKEL","8160","36:01:17:05:06:2014","POWER BODY (B)","P346144","UNIT 6","HUDSON WAY","YORK BUSINESS PARK NETHER POPPLETON","YORK","YO26 6RN","GB","","","DLA PIPER","JOHN FRASER","3 NOBLE STREET","","","LONDON","EC2V 7EE","GB","","","","","NO","NO","","NO","470782","","","","",""
"POWER BODY (B)","PARCELFORCE WORLDWIDE","Express 24","SEB338701","P346144","TY0525224","","06/05/2014","1","0.000","SKEL","8160","19:17:13:05:06:2014","POWER BODY (B)","P346144","UNIT 6","HUDSON WAY","YORK BUSINESS PARK NETHER POPPLETON","YORK","YO26 6RN","GB","","","INTERCARGO SERVICES","DANNY SMITH","INTERCARGO SERVICES 1","WELLHEADS PLACE","","ABERDEEN","AB21 7GB","GB","","","","","NO","NO","","NO","470423","","","","",""
"POWER BODY (B)","PARCELFORCE WORLDWIDE","Express 48","SEB338701","P346144","TY0128571","","06/05/2014","1","0.000","SKEL","8160","51:36:08:05:06:2014","POWER BODY (B)","P346144","UNIT 6","HUDSON WAY","YORK BUSINESS PARK NETHER POPPLETON","YORK","YO26 6RN","GB","","","MARCIN ROGUCKI","","52 QUARRY ROAD","","HEREFORDSHIRE","HEREFORD","HR1 1SL","GB","","","","","NO","NO","","NO","469938","","","","",""
"POWER BODY (B)","PARCELFORCE WORLDWIDE","Express 48","SEB338701","P346144","TY0128395","","06/05/2014","1","0.000","SKEL","8160","48:36:08:05:06:2014","POWER BODY (B)","P346144","UNIT 6","HUDSON WAY","YORK BUSINESS PARK NETHER POPPLETON","YORK","YO26 6RN","GB","","","MAREK KALINKA","","28 DORNEY ROAD","","WILTSHIRE","SWINDON","SN25 2AD","GB","","","","","NO","NO","","NO","469675","","","","",""
"POWER BODY (B)","PARCELFORCE WORLDWIDE","Express 24","SEB338701","P346144","TY0128863","","06/05/2014","1","0.000","SKEL","8160","55:36:08:05:06:2014","POWER BODY (B)","P346144","UNIT 6","HUDSON WAY","YORK BUSINESS PARK NETHER POPPLETON","YORK","YO26 6RN","GB","","","JAMES MORGAN","","ARUNDEL. CASTLETOWN RD","MOSS","","WREXHAM","LL11 6DW","GB","","","","","NO","NO","","NO","470350","","","","",""
"POWER BODY (B)","PARCELFORCE WORLDWIDE","Express 48","SEB338701","P346144","TY0128758","","06/05/2014","1","0.000","SKEL","8160","53:36:08:05:06:2014","POWER BODY (B)","P346144","UNIT 6","HUDSON WAY","YORK BUSINESS PARK NETHER POPPLETON","YORK","YO26 6RN","GB","","","EDYTA JAKUBEK","","76 HADEN HILL ROAD","","","HALESOWEN","B63 3NG","GB","","","","","NO","NO","","NO","470201","","","","",""
"POWER BODY (B)","PARCELFORCE WORLDWIDE","Express 48","SEB338701","P346144","TY0814359","","06/05/2014","1","0.000","SKEL","8160","35:01:17:05:06:2014","POWER BODY (B)","P346144","UNIT 6","HUDSON WAY","YORK BUSINESS PARK NETHER POPPLETON","YORK","YO26 6RN","GB","","","MARCIN DROZDOWSKI","","10 BAYCLIFFE CLOSE","","CAMBRIDGESHIRE","CAMBRIDGE","CB1 8EE","GB","","","","","NO","NO","","NO","470753","","","","",""
"POWER BODY (B)","PARCELFORCE WORLDWIDE","Express 48","SEB338701","P346144","TY0813954","","06/05/2014","1","0.000","SKEL","8160","32:01:17:05:06:2014","POWER BODY (B)","P346144","UNIT 6","HUDSON WAY","YORK BUSINESS PARK NETHER POPPLETON","YORK","YO26 6RN","GB","","","ADRIAN PAWLOWSKI","","5 MITRE COURT","","TAUNTON","TAUNTON","TA1 3ER","GB","","","","","NO","NO","","NO","470611","","","","",""
"POWER BODY (B)","PARCELFORCE WORLDWIDE","Express 24","SEB338701","P346144","TY0128378","","06/05/2014","1","0.000","SKEL","8160","48:36:08:05:06:2014","POWER BODY (B)","P346144","UNIT 6","HUDSON WAY","YORK BUSINESS PARK NETHER POPPLETON","YORK","YO26 6RN","GB","","","JORDAN  PETERS","","MAYS WISH","FOSTER STREET","ESSEX","HARLOW","CM17 9HR","GB","","","","","NO","NO","","NO","469653","","","","",""
"POWER BODY (B)","PARCELFORCE WORLDWIDE","Express 48","SEB338701","P346144","TY0128320","","06/05/2014","1","0.000","SKEL","8160","48:36:08:05:06:2014","POWER BODY (B)","P346144","UNIT 6","HUDSON WAY","YORK BUSINESS PARK NETHER POPPLETON","YORK","YO26 6RN","GB","","","RHIANNON COLEMAN","","84","MORTON CLOSE","LONDON","LONDON","E1 2QT","GB","","","","","NO","NO","","NO","469594","","","","",""
"POWER BODY (B)","PARCELFORCE WORLDWIDE","Express 48","SEB338701","P346144","TY0128801","","06/05/2014","1","0.000","SKEL","8160","54:36:08:05:06:2014","POWER BODY (B)","P346144","UNIT 6","HUDSON WAY","YORK BUSINESS PARK NETHER POPPLETON","YORK","YO26 6RN","GB","","","MOSESTAS BUSILA","","LUPIN CRESCENT 36","","","ILFORD","IG1 2JR","GB","","","","","NO","NO","","NO","470264","","","","",""
"POWER BODY (B)","PARCELFORCE WORLDWIDE","Express 24","SEB338701","P346144","TY0128775","","06/05/2014","1","0.000","SKEL","8160","54:36:08:05:06:2014","POWER BODY (B)","P346144","UNIT 6","HUDSON WAY","YORK BUSINESS PARK NETHER POPPLETON","YORK","YO26 6RN","GB","","","S A KHAN","","15 SARUM COURT","","HAMPSHIRE","WINCHESTER","SO22 5FL","GB","","","","","NO","NO","","NO","470213","","","","",""
"POWER BODY (B)","PARCELFORCE WORLDWIDE","Express 24","SEB338701","P346144","TY0128846","","06/05/2014","1","0.000","SKEL","8160","55:36:08:05:06:2014","POWER BODY (B)","P346144","UNIT 6","HUDSON WAY","YORK BUSINESS PARK NETHER POPPLETON","YORK","YO26 6RN","GB","","","GARY KAY","","11 CLARENCE COURT","","CHESHIRE","WILMSLOW","SK9 5QL","GB","","","","","NO","NO","","NO","470311","","","","",""
"POWER BODY (B)","PARCELFORCE WORLDWIDE","Express 48","SEB338701","P346144","TY0128404","","06/05/2014","1","0.000","SKEL","8160","49:36:08:05:06:2014","POWER BODY (B)","P346144","UNIT 6","HUDSON WAY","YORK BUSINESS PARK NETHER POPPLETON","YORK","YO26 6RN","GB","","","SEBASTIAN ROLA","","123 THE GATEHAUS","LEEDS ROAD","WEST YORKSHIRE","BRADFORD","BD1 5BQ","GB","","","","","NO","NO","","NO","469689","","","","",""
"POWER BODY (B)","PARCELFORCE WORLDWIDE","Express 24","SEB338701","P346144","TY0525184","","06/05/2014","1","0.000","SKEL","8160","18:17:13:05:06:2014","POWER BODY (B)","P346144","UNIT 6","HUDSON WAY","YORK BUSINESS PARK NETHER POPPLETON","YORK","YO26 6RN","GB","","","GRZEGORZ RADOMSKI","","43 FLAT 4 ENNISMORE GARDENS","","LONDON","LONDON","SW7 1AQ","GB","","","","","NO","NO","","NO","470403","","","","",""
"POWER BODY (B)","PARCELFORCE WORLDWIDE","Express 48","SEB338701","P346144","TY0128347","","06/05/2014","1","0.000","SKEL","8160","48:36:08:05:06:2014","POWER BODY (B)","P346144","UNIT 6","HUDSON WAY","YORK BUSINESS PARK NETHER POPPLETON","YORK","YO26 6RN","GB","","","STEWART BARRIBALL","","2 WELLSBOURNE PARK","","DEVON","PLYMOUTH","PL3 5JJ","GB","","","","","NO","NO","","NO","469635","","","","",""
"POWER BODY (B)","PARCELFORCE WORLDWIDE","Express 48","SEB338701","P346144","TY0813835","","06/05/2014","1","0.000","SKEL","8160","31:01:17:05:06:2014","POWER BODY (B)","P346144","UNIT 6","HUDSON WAY","YORK BUSINESS PARK NETHER POPPLETON","YORK","YO26 6RN","GB","","","SYED  SHAH","","59 BLUESTONE DRIVE","","CHESHIRE","STOCKPORT","SK4 3PX","GB","","","","","NO","NO","","NO","470599","","","","",""
"POWER BODY (B)","PARCELFORCE WORLDWIDE","Express 24","SEB338701","P346144","TY0128466","","06/05/2014","1","0.000","SKEL","8160","50:36:08:05:06:2014","POWER BODY (B)","P346144","UNIT 6","HUDSON WAY","YORK BUSINESS PARK NETHER POPPLETON","YORK","YO26 6RN","GB","","","SAGE","MIRIAM KOCHANOVA","WALLING STREET 413","","","RADLETT","WD7 7JG","GB","","","","","NO","NO","","NO","469752","","","","",""
"POWER BODY (B)","PARCELFORCE WORLDWIDE","Express 48","SEB338701","P346144","TY0814155","","06/05/2014","1","0.000","SKEL","8160","34:01:17:05:06:2014","POWER BODY (B)","P346144","UNIT 6","HUDSON WAY","YORK BUSINESS PARK NETHER POPPLETON","YORK","YO26 6RN","GB","","","GRZEGORZ GEBICKI","","WARREN LODGE","WELLINGTON AVENUE","SURREY","VIRGINIA WATER","GU25 4HU","GB","","","","","NO","NO","","NO","470677","","","","",""
"POWER BODY (B)","PARCELFORCE WORLDWIDE","Express 48","SEB338701","P346144","TY0128789","","06/05/2014","1","0.000","SKEL","8160","54:36:08:05:06:2014","POWER BODY (B)","P346144","UNIT 6","HUDSON WAY","YORK BUSINESS PARK NETHER POPPLETON","YORK","YO26 6RN","GB","","","1983","MARCIN PAWLICKI","22 EGLWYS TEG","","WREXHAM","WREXHAM","LL11 3BZ","GB","","","","","NO","NO","","NO","470220","","","","",""
"POWER BODY (B)","PARCELFORCE WORLDWIDE","Express 48","SEB338701","P346144","TY0128435","","06/05/2014","1","0.000","SKEL","8160","49:36:08:05:06:2014","POWER BODY (B)","P346144","UNIT 6","HUDSON WAY","YORK BUSINESS PARK NETHER POPPLETON","YORK","YO26 6RN","GB","","","KAMIL WERMINSKI","","7 MANOR HOUSE CROWN LANE","SOUTHGATE","SOUTHGATE","LONDON","N14 5EP","GB","","","","","NO","NO","","NO","469738","","","","",""
"POWER BODY (B)","PARCELFORCE WORLDWIDE","Express 48","SEB338701","P346144","TY0128599","","06/05/2014","1","0.000","SKEL","8160","51:36:08:05:06:2014","POWER BODY (B)","P346144","UNIT 6","HUDSON WAY","YORK BUSINESS PARK NETHER POPPLETON","YORK","YO26 6RN","GB","","","OLIVER PORTMAN","","35 YORK ROAD","","GLOUCESTERSHIRE","TEWKESBURY","GL20 5HX","GB","","","","","NO","NO","","NO","469956","","","","",""
"POWER BODY (B)","PARCELFORCE WORLDWIDE","Express 48","SEB338701","P346144","TY0814328","","06/05/2014","1","0.000","SKEL","8160","35:01:17:05:06:2014","POWER BODY (B)","P346144","UNIT 6","HUDSON WAY","YORK BUSINESS PARK NETHER POPPLETON","YORK","YO26 6RN","GB","","","RICHARD LIPOVCAN","","60 SIGNET SQUARE","","MIDLANDS","COVENTRY","CV2 4NZ","GB","","","","","NO","NO","","NO","470728","","","","",""
"POWER BODY (B)","PARCELFORCE WORLDWIDE","Express 48","SEB338701","P346144","TY0814115","","06/05/2014","1","0.000","SKEL","8160","33:01:17:05:06:2014","POWER BODY (B)","P346144","UNIT 6","HUDSON WAY","YORK BUSINESS PARK NETHER POPPLETON","YORK","YO26 6RN","GB","","","JOSHUA TERRY","","70 BROOMFIELD ROAD","","","KIDDERMINSTER","DY11 5PH","GB","","","","","NO","NO","","NO","470660","","","","",""
"POWER BODY (B)","PARCELFORCE WORLDWIDE","Express 24","SEB338701","P346144","TY0128639","","06/05/2014","1","0.000","SKEL","8160","52:36:08:05:06:2014","POWER BODY (B)","P346144","UNIT 6","HUDSON WAY","YORK BUSINESS PARK NETHER POPPLETON","YORK","YO26 6RN","GB","","","K ARTURAS","","470 LONDON ROAD FLAT ROOM","6 FLT","SURREY","CROYDON","CR0 2SS","GB","","","","","NO","NO","","NO","470029","","","","",""
"POWER BODY (B)","PARCELFORCE WORLDWIDE","Express 24","SEB338701","P346144","TY0128727","","06/05/2014","1","0.000","SKEL","8160","53:36:08:05:06:2014","POWER BODY (B)","P346144","UNIT 6","HUDSON WAY","YORK BUSINESS PARK NETHER POPPLETON","YORK","YO26 6RN","GB","","","RISHTON WASTE PAPER LTD","ARCHIE BRAYSFORD","UNIT 12. RIVERSIDE INDUSTRIAL","ESTATE","LANCASHIRE","BLACKBURN","BB1 4NF","GB","","","","","NO","NO","","NO","470167","","","","",""
"POWER BODY (B)","PARCELFORCE WORLDWIDE","Express 48","SEB338701","P346144","TY0525198","","06/05/2014","1","0.000","SKEL","8160","18:17:13:05:06:2014","POWER BODY (B)","P346144","UNIT 6","HUDSON WAY","YORK BUSINESS PARK NETHER POPPLETON","YORK","YO26 6RN","GB","","","LORENZO COLANGELO","","5 PINEWOOD GARDENS","SOUTHBOROUGH","KENT","TUNBRIDGE WELLS","TN4 0NN","GB","","","","","NO","NO","","NO","470408","","","","",""
"POWER BODY (B)","PARCELFORCE WORLDWIDE","Express 48","SEB338701","P346144","TY0128506","","06/05/2014","1","0.000","SKEL","8160","50:36:08:05:06:2014","POWER BODY (B)","P346144","UNIT 6","HUDSON WAY","YORK BUSINESS PARK NETHER POPPLETON","YORK","YO26 6RN","GB","","","SYLVESTER DEFREITAS","","17 FELTHAM ROAD","","","MITCHAM","CR4 2JQ","GB","","","","","NO","NO","","NO","469779","","","","",""
"POWER BODY (B)","PARCELFORCE WORLDWIDE","Express 24","SEB338701","P346144","TY0128700","","06/05/2014","1","0.000","SKEL","8160","53:36:08:05:06:2014","POWER BODY (B)","P346144","UNIT 6","HUDSON WAY","YORK BUSINESS PARK NETHER POPPLETON","YORK","YO26 6RN","GB","","","ARION LLOYD-EVANS","","14 FORE STREET","","","WARMINSTER","BA12 8DD","GB","","","","","NO","NO","","NO","470133","","","","",""
"POWER BODY (B)","PARCELFORCE WORLDWIDE","Express 48","SEB338701","P346144","TY0128523","","06/05/2014","1","0.000","SKEL","8160","50:36:08:05:06:2014","POWER BODY (B)","P346144","UNIT 6","HUDSON WAY","YORK BUSINESS PARK NETHER POPPLETON","YORK","YO26 6RN","GB","","","STEVE MARTIN","","39 GRANBY ROAD","STRETFORD","","MANCHESTER","M32 8JL","GB","","","","","NO","NO","","NO","469806","","","","",""
"POWER BODY (B)","PARCELFORCE WORLDWIDE","Express 48","SEB338701","P346144","TY0525241","","06/05/2014","1","0.000","SKEL","8160","19:17:13:05:06:2014","POWER BODY (B)","P346144","UNIT 6","HUDSON WAY","YORK BUSINESS PARK NETHER POPPLETON","YORK","YO26 6RN","GB","","","JOSEPH BARRETT","","312B MANSION COURT","GRASMERE STREET","","LEICESTER","LE2 7PT","GB","","","","","NO","NO","","NO","470465","","","","",""
"POWER BODY (B)","PARCELFORCE WORLDWIDE","Express 48","SEB338701","P346144","TY0814040","","06/05/2014","1","0.000","SKEL","8160","33:01:17:05:06:2014","POWER BODY (B)","P346144","UNIT 6","HUDSON WAY","YORK BUSINESS PARK NETHER POPPLETON","YORK","YO26 6RN","GB","","","PIGOTTS AUTOPARTS","GARY PIGOTT","SHERIFF HUTTON ROAD","STRENSALL","","YORK","YO32 5XH","GB","","","","","NO","NO","","NO","470623","","","","",""
"POWER BODY (B)","PARCELFORCE WORLDWIDE","Express 24","SEB338701","P346144","TY0128850","","06/05/2014","1","0.000","SKEL","8160","55:36:08:05:06:2014","POWER BODY (B)","P346144","UNIT 6","HUDSON WAY","YORK BUSINESS PARK NETHER POPPLETON","YORK","YO26 6RN","GB","","","SEBASTIAN KAKOL","","FLAT 3","2 WOODVILLE ROAD","SOUTH GLAMORGAN","CARDIFF","CF24 4EA","GB","","","","","NO","NO","","NO","470313","","","","",""
"POWER BODY (B)","PARCELFORCE WORLDWIDE","Express 48","SEB338701","P346144","TY0128470","","06/05/2014","1","0.000","SKEL","8160","50:36:08:05:06:2014","POWER BODY (B)","P346144","UNIT 6","HUDSON WAY","YORK BUSINESS PARK NETHER POPPLETON","YORK","YO26 6RN","GB","","","NATHAN HILL","","100 DEANS LANE","EDGWARE MIDDLESEX","","EDGWARE","HA8 9NP","GB","","","","","NO","NO","","NO","469762","","","","",""
"POWER BODY (B)","PARCELFORCE WORLDWIDE","Express 48","SEB338701","P346144","TY0128545","","06/05/2014","1","0.000","SKEL","8160","51:36:08:05:06:2014","POWER BODY (B)","P346144","UNIT 6","HUDSON WAY","YORK BUSINESS PARK NETHER POPPLETON","YORK","YO26 6RN","GB","","","DARIUSZ JAKUBOWSKI","","FLAT 5","79 QUEENS ROAD","GREAT LONDON","LONDON","E11 1BA","GB","","","","","NO","NO","","NO","469851","","","","",""
"POWER BODY (B)","PARCELFORCE WORLDWIDE","Express 48","SEB338701","P346144","TY0128815","","06/05/2014","1","0.000","SKEL","8160","54:36:08:05:06:2014","POWER BODY (B)","P346144","UNIT 6","HUDSON WAY","YORK BUSINESS PARK NETHER POPPLETON","YORK","YO26 6RN","GB","","","BOGDAN BRANESCU","","6 BURGHLEY ROAD","","LEYTONSTONE","LONDON","E11 4QP","GB","","","","","NO","NO","","NO","470271","","","","",""
"POWER BODY (B)","PARCELFORCE WORLDWIDE","Express 24","SEB338701","P346144","TY0128364","","06/05/2014","1","0.000","SKEL","8160","48:36:08:05:06:2014","POWER BODY (B)","P346144","UNIT 6","HUDSON WAY","YORK BUSINESS PARK NETHER POPPLETON","YORK","YO26 6RN","GB","","","DANIEL KOPP-OSTROWSKI","","35 HARRINGTON STREET","","","MANSFIELD","NG18 5LS","GB","","","","","NO","NO","","NO","469641","","","","",""
"POWER BODY (B)","PARCELFORCE WORLDWIDE","Express 24","SEB338701","P346144","TY0525269","","06/05/2014","1","0.000","SKEL","8160","19:17:13:05:06:2014","POWER BODY (B)","P346144","UNIT 6","HUDSON WAY","YORK BUSINESS PARK NETHER POPPLETON","YORK","YO26 6RN","GB","","","LESZEK FILABER","","12 ST. HILDAS ROAD","","","DONCASTER","DN4 5EJ","GB","","","","","NO","NO","","NO","470530","","","","",""
"POWER BODY (B)","PARCELFORCE WORLDWIDE","Express 24","SEB338701","P346144","TY0128510","","06/05/2014","1","0.000","SKEL","8160","50:36:08:05:06:2014","POWER BODY (B)","P346144","UNIT 6","HUDSON WAY","YORK BUSINESS PARK NETHER POPPLETON","YORK","YO26 6RN","GB","","","DELAN STEPHEN","","1 PINE GROVE","MILTON BRIDGE","","PENICUIK","EH26 0NP","GB","","","","","NO","NO","","NO","469797","","","","",""
"POWER BODY (B)","PARCELFORCE WORLDWIDE","Express 48","SEB338701","P346144","TY0525286","","06/05/2014","1","0.000","SKEL","8160","19:17:13:05:06:2014","POWER BODY (B)","P346144","UNIT 6","HUDSON WAY","YORK BUSINESS PARK NETHER POPPLETON","YORK","YO26 6RN","GB","","","KENT RETRO","","17 POULDERS GARDENS","","KENT","SANDWICH","CT13 0BE","GB","","","","","NO","NO","","NO","470585","","","","",""
"POWER BODY (B)","PARCELFORCE WORLDWIDE","Express 24","SEB338701","P346144","TY0128418","","06/05/2014","1","0.000","SKEL","8160","49:36:08:05:06:2014","POWER BODY (B)","P346144","UNIT 6","HUDSON WAY","YORK BUSINESS PARK NETHER POPPLETON","YORK","YO26 6RN","GB","","","JAMES RODGER","","7 BINBROOK WALK","","NORTHAMPTONSHIRE","CORBY","NN18 9HH","GB","","","","","NO","NO","","NO","469703","","","","",""
"POWER BODY (B)","PARCELFORCE WORLDWIDE","Express 48","SEB338701","P346144","TY0128625","","06/05/2014","1","0.000","SKEL","8160","52:36:08:05:06:2014","POWER BODY (B)","P346144","UNIT 6","HUDSON WAY","YORK BUSINESS PARK NETHER POPPLETON","YORK","YO26 6RN","GB","","","DARIUSZ HARENIUK","","FLAT 1/1","151 GALLOWGATE","GLASGOW","GLASGOW","G1 5AX","GB","","","","","NO","NO","","NO","470013","","","","",""
"POWER BODY (B)","PARCELFORCE WORLDWIDE","Express 48","SEB338701","P346144","TY0128421","","06/05/2014","1","0.000","SKEL","8160","49:36:08:05:06:2014","POWER BODY (B)","P346144","UNIT 6","HUDSON WAY","YORK BUSINESS PARK NETHER POPPLETON","YORK","YO26 6RN","GB","","","TAUTVYDAS VENGRIS","","47 WALDEN ROAD","","HAMPSHIRE","PORTSMOUTH","PO2 8PH","GB","","","","","NO","NO","","NO","469718","","","","",""
"POWER BODY (B)","PARCELFORCE WORLDWIDE","Express 24","SEB338701","P346144","TY0128449","","06/05/2014","1","0.000","SKEL","8160","49:36:08:05:06:2014","POWER BODY (B)","P346144","UNIT 6","HUDSON WAY","YORK BUSINESS PARK NETHER POPPLETON","YORK","YO26 6RN","GB","","","PHIL GOMM","","10 VIEWFIELD ROAD","","MIDLOTHIAN","JUNIPER GREEN","EH14 5BE","GB","","","","","NO","NO","","NO","469740","","","","",""
"POWER BODY (B)","PARCELFORCE WORLDWIDE","Express 24","SEB338701","P346144","TY0128537","","06/05/2014","1","0.000","SKEL","8160","51:36:08:05:06:2014","POWER BODY (B)","P346144","UNIT 6","HUDSON WAY","YORK BUSINESS PARK NETHER POPPLETON","YORK","YO26 6RN","GB","","","LEWIS NEIL","","8 ARTHUR TERRACE","","ARGYLL AND BUTE","DUNOON","PA23 7RP","GB","","","","","NO","NO","","NO","469826","","","","",""
"POWER BODY (B)","PARCELFORCE WORLDWIDE","Express 24","SEB338701","P346144","TY0128554","","06/05/2014","1","0.000","SKEL","8160","51:36:08:05:06:2014","POWER BODY (B)","P346144","UNIT 6","HUDSON WAY","YORK BUSINESS PARK NETHER POPPLETON","YORK","YO26 6RN","GB","","","NOLAN RECYCLING LTD","LEWIS NOLAN","THE WASTE TRANSFER STATION.","THE OLD QUARRY.","","BRIDGEND","CF33 4RS","GB","","","","","NO","NO","","NO","469869","","","","",""
"POWER BODY (B)","PARCELFORCE WORLDWIDE","Express 48","SEB338701","P346144","TY0128695","","06/05/2014","1","0.000","SKEL","8160","53:36:08:05:06:2014","POWER BODY (B)","P346144","UNIT 6","HUDSON WAY","YORK BUSINESS PARK NETHER POPPLETON","YORK","YO26 6RN","GB","","","GRZEGORZ SZEWCZYK","","ORCHARD LANE HOLLY ROOD HOUSE","40","HAMPSHIRE","SOUTHAMPTON","SO14 3BB","GB","","","","","NO","NO","","NO","470111","","","","",""
"POWER BODY (B)","PARCELFORCE WORLDWIDE","Express 24","SEB338701","P346144","TY0128885","","06/05/2014","1","0.000","SKEL","8160","55:36:08:05:06:2014","POWER BODY (B)","P346144","UNIT 6","HUDSON WAY","YORK BUSINESS PARK NETHER POPPLETON","YORK","YO26 6RN","GB","","","SAMUEL ORR","","134 WATERSIDE GARDENS","","","BOLTON","BL1 8WD","GB","","","","","NO","NO","","NO","470370","","","","",""
"POWER BODY (B)","PARCELFORCE WORLDWIDE","Express 24","SEB338701","P346144","TY0128917","","06/05/2014","1","0.000","SKEL","8160","55:36:08:05:06:2014","POWER BODY (B)","P346144","UNIT 6","HUDSON WAY","YORK BUSINESS PARK NETHER POPPLETON","YORK","YO26 6RN","GB","","","RADOSLAW TRUCHAN","","36 MORANT ROAD","","ESSEX","COLCHESTER","CO1 2JA","GB","","","","","NO","NO","","NO","470380","","","","",""
"POWER BODY (B)","PARCELFORCE WORLDWIDE","Express 24","SEB338701","P346144","TY0128333","","06/05/2014","1","0.000","SKEL","8160","48:36:08:05:06:2014","POWER BODY (B)","P346144","UNIT 6","HUDSON WAY","YORK BUSINESS PARK NETHER POPPLETON","YORK","YO26 6RN","GB","","","STEFAN JAMES MATWIJIW","","42 WOODROYD","GOLCAR","WEST YORKSHIRE","HUDDERSFIELD","HD7 4PG","GB","","","","","NO","NO","","NO","469603","","","","",""
"POWER BODY (B)","PARCELFORCE WORLDWIDE","Express 48","SEB338701","P346144","TY0814362","","06/05/2014","1","0.000","SKEL","8160","35:01:17:05:06:2014","POWER BODY (B)","P346144","UNIT 6","HUDSON WAY","YORK BUSINESS PARK NETHER POPPLETON","YORK","YO26 6RN","GB","","","CARLO BONETTI","","1 SEFTON CLOSE","","","ORPINGTON","BR5 1RL","GB","","","","","NO","NO","","NO","470762","","","","",""
"POWER BODY (B)","PARCELFORCE WORLDWIDE","Express 24","SEB338701","P346144","TY0813985","","06/05/2014","1","0.000","SKEL","8160","33:01:17:05:06:2014","POWER BODY (B)","P346144","UNIT 6","HUDSON WAY","YORK BUSINESS PARK NETHER POPPLETON","YORK","YO26 6RN","GB","","","MATEUSZ PEZOWICZ","MATEUSZ PEZOWICZ","81 STROUD RD","","GLOUCESTERSHIRE","GLOUCESTER","GL1 5AQ","GB","","","","","NO","NO","","NO","470612","","","","",""
"POWER BODY (B)","PARCELFORCE WORLDWIDE","Express 48","SEB338701","P346144","TY0128608","","06/05/2014","1","0.000","SKEL","8160","51:36:08:05:06:2014","POWER BODY (B)","P346144","UNIT 6","HUDSON WAY","YORK BUSINESS PARK NETHER POPPLETON","YORK","YO26 6RN","GB","","","ASHLEY CROOK","","371 CHESTER ROAD","ALDRIDGE","WEST MIDLANDS","WALSALL","WS9 0PH","GB","","","","","NO","NO","","NO","469964","","","","",""
"POWER BODY (B)","PARCELFORCE WORLDWIDE","Express 48","SEB338701","P346144","TY0814305","","06/05/2014","1","0.000","SKEL","8160","35:01:17:05:06:2014","POWER BODY (B)","P346144","UNIT 6","HUDSON WAY","YORK BUSINESS PARK NETHER POPPLETON","YORK","YO26 6RN","GB","","","CRAIG MCNAUGHT","","33 SHEELIN CRESCENT","","WARWICKSHIRE","NUNEATON","CV10 0HZ","GB","","","","","NO","NO","","NO","470707","","","","",""
"POWER BODY (B)","PARCELFORCE WORLDWIDE","Express 48","SEB338701","P346144","TY0128829","","06/05/2014","1","0.000","SKEL","8160","54:36:08:05:06:2014","POWER BODY (B)","P346144","UNIT 6","HUDSON WAY","YORK BUSINESS PARK NETHER POPPLETON","YORK","YO26 6RN","GB","","","MATEUSZ GOGOL","","9 FERNBANK AVENUE","","WEMBLEY","WEMBLEY","HA0 2TT","GB","","","","","NO","NO","","NO","470283","","","","",""
"POWER BODY (B)","PARCELFORCE WORLDWIDE","Express 48","SEB338701","P346144","TY0813897","","06/05/2014","1","0.000","SKEL","8160","31:01:17:05:06:2014","POWER BODY (B)","P346144","UNIT 6","HUDSON WAY","YORK BUSINESS PARK NETHER POPPLETON","YORK","YO26 6RN","GB","","","NIKOLAY GEORGIEV","","170 CHIGWELL ROAD","","SOUTH WOODFORD","LONDON","E18 1HA","GB","","","","","NO","NO","","NO","470602","","","","",""
"POWER BODY (B)","PARCELFORCE WORLDWIDE","Express 48","SEB338701","P346144","TY0814314","","06/05/2014","1","0.000","SKEL","8160","35:01:17:05:06:2014","POWER BODY (B)","P346144","UNIT 6","HUDSON WAY","YORK BUSINESS PARK NETHER POPPLETON","YORK","YO26 6RN","GB","","","BIS EMSEM","NEIL GORDON","APEX COURT","CITY LINK","","NOTTINGHAM","NG2 4LA","GB","","","","","NO","NO","","NO","470717","","","","",""
"POWER BODY (B)","PARCELFORCE WORLDWIDE","Express 24","SEB338701","P346144","TY0525255","","06/05/2014","1","0.000","SKEL","8160","19:17:13:05:06:2014","POWER BODY (B)","P346144","UNIT 6","HUDSON WAY","YORK BUSINESS PARK NETHER POPPLETON","YORK","YO26 6RN","GB","","","SHARON MARTYN","","5 WILSON MARRIAGE ROAD","","ESSEX","COLCHESTER","CO4 0DE","GB","","","","","NO","NO","","NO","470477","","","","",""
"POWER BODY (B)","PARCELFORCE WORLDWIDE","Express 48","SEB338701","P346144","TY0128713","","06/05/2014","1","0.000","SKEL","8160","53:36:08:05:06:2014","POWER BODY (B)","P346144","UNIT 6","HUDSON WAY","YORK BUSINESS PARK NETHER POPPLETON","YORK","YO26 6RN","GB","","","JANE WILKINSON C/O WAKEFIELD H","","UNITS G","TADMAN STREET","WEST YORKSHIRE","WAKEFIELD","WF1 5QU","GB","","","","","NO","NO","","NO","470161","","","","",""
"POWER BODY (B)","PARCELFORCE WORLDWIDE","Express 48","SEB338701","P346144","TY0128687","","06/05/2014","1","0.000","SKEL","8160","53:36:08:05:06:2014","POWER BODY (B)","P346144","UNIT 6","HUDSON WAY","YORK BUSINESS PARK NETHER POPPLETON","YORK","YO26 6RN","GB","","","ADAM WASILEWSKI","","7 GRANDON WAY","","","SUTTON-IN-ASHFIELD","NG17 3EW","GB","","","","","NO","NO","","NO","470107","","","","",""
"POWER BODY (B)","PARCELFORCE WORLDWIDE","Express 48","SEB338701","P346144","TY0128452","","06/05/2014","1","0.000","SKEL","8160","49:36:08:05:06:2014","POWER BODY (B)","P346144","UNIT 6","HUDSON WAY","YORK BUSINESS PARK NETHER POPPLETON","YORK","YO26 6RN","GB","","","ANUARUL HASSAN","","50 DERBY ROAD","","","SOUTHAMPTON","SO14 0DH","GB","","","","","NO","NO","","NO","469749","","","","",""
"POWER BODY (B)","PARCELFORCE WORLDWIDE","Express 48","SEB338701","P346144","TY0128744","","06/05/2014","1","0.000","SKEL","8160","53:36:08:05:06:2014","POWER BODY (B)","P346144","UNIT 6","HUDSON WAY","YORK BUSINESS PARK NETHER POPPLETON","YORK","YO26 6RN","GB","","","MICHAL MUCHA","","34 BURNHAM ROAD","","BEDS","LUTON","LU2 9ER","GB","","","","","NO","NO","","NO","470191","","","","",""
"POWER BODY (B)","PARCELFORCE WORLDWIDE","Express 48","SEB338701","P346144","TY0128568","","06/05/2014","1","0.000","SKEL","8160","51:36:08:05:06:2014","POWER BODY (B)","P346144","UNIT 6","HUDSON WAY","YORK BUSINESS PARK NETHER POPPLETON","YORK","YO26 6RN","GB","","","RADOSLAW PODLASIAK","","GORSEY PLACE","","DERBYSHIRE","CHESTERFIELD","S42 6QU","GB","","","","","NO","NO","","NO","469926","","","","",""
"POWER BODY (B)","PARCELFORCE WORLDWIDE","Express 48","SEB338701","P346144","TY0128656","","06/05/2014","1","0.000","SKEL","8160","52:36:08:05:06:2014","POWER BODY (B)","P346144","UNIT 6","HUDSON WAY","YORK BUSINESS PARK NETHER POPPLETON","YORK","YO26 6RN","GB","","","TOMASZ DOLEGOWSKI","","12 DOUGLAS CLOSE BAMBER BRIDGE","","LANKASHIRE","PRESTON","PR5 6WE","GB","","","","","NO","NO","","NO","470079","","","","",""
"POWER BODY (B)","PARCELFORCE WORLDWIDE","Express 24","SEB338701","P346144","TY0814226","","06/05/2014","1","0.000","SKEL","8160","34:01:17:05:06:2014","POWER BODY (B)","P346144","UNIT 6","HUDSON WAY","YORK BUSINESS PARK NETHER POPPLETON","YORK","YO26 6RN","GB","","","GUILLERMO CASTRO","","6 ROCHDALE ROAD","","","TODMORDEN","OL14 5AA","GB","","","","","NO","NO","","NO","470691","","","","",""
"POWER BODY (B)","PARCELFORCE WORLDWIDE","Express 24","SEB338701","P346144","TY0128877","","06/05/2014","1","0.000","SKEL","8160","55:36:08:05:06:2014","POWER BODY (B)","P346144","UNIT 6","HUDSON WAY","YORK BUSINESS PARK NETHER POPPLETON","YORK","YO26 6RN","GB","","","HARRY KEY","","WHEEL AND COMPASS. VALLEY","ROAD. WESTON BY WELLAND","LEICESTERSHIRE","MARKET HARBOROUGH","LE16 8HZ","GB","","","","","NO","NO","","NO","470354","","","","",""
"POWER BODY (B)","PARCELFORCE WORLDWIDE","Express 48","SEB338701","P346144","TY0128381","","06/05/2014","1","0.000","SKEL","8160","48:36:08:05:06:2014","POWER BODY (B)","P346144","UNIT 6","HUDSON WAY","YORK BUSINESS PARK NETHER POPPLETON","YORK","YO26 6RN","GB","","","CALUM TAIT","","171/1 CANNONGATE","","","EDINBURGH","EH8 8BN","GB","","","","","NO","NO","","NO","469659","","","","",""
"POWER BODY (B)","PARCELFORCE WORLDWIDE","Express 48","SEB338701","P346144","TY0128761","","06/05/2014","1","0.000","SKEL","8160","53:36:08:05:06:2014","POWER BODY (B)","P346144","UNIT 6","HUDSON WAY","YORK BUSINESS PARK NETHER POPPLETON","YORK","YO26 6RN","GB","","","TOMASZ  KARDASZ","","4 HAWTHORNE AV","","","MITCHAM","CR4 3DN","GB","","","","","NO","NO","","NO","470211","","","","",""
"POWER BODY (B)","PARCELFORCE WORLDWIDE","Express 48","SEB338701","P346144","TY0128673","","06/05/2014","1","0.000","SKEL","8160","52:36:08:05:06:2014","POWER BODY (B)","P346144","UNIT 6","HUDSON WAY","YORK BUSINESS PARK NETHER POPPLETON","YORK","YO26 6RN","GB","","","MATHEW WARNOCK","","25 WARDLEY HALL LANE","WORSLEY","","MANCHESTER","M28 2RL","GB","","","","","NO","NO","","NO","470105","","","","",""
"POWER BODY (B)","PARCELFORCE WORLDWIDE","Express 48","SEB338701","P346144","TY0128660","","06/05/2014","1","0.000","SKEL","8160","52:36:08:05:06:2014","POWER BODY (B)","P346144","UNIT 6","HUDSON WAY","YORK BUSINESS PARK NETHER POPPLETON","YORK","YO26 6RN","GB","","","ROBERT MCROBBIE","","1 CHATTON WALK CARNBROE","","NORTH LANARKSHIRE","COATBRIDGE","ML5 4FH","GB","","","","","NO","NO","","NO","470081","","","","",""
"POWER BODY (B)","PARCELFORCE WORLDWIDE","Express 48","SEB338701","P346144","TY0128497","","06/05/2014","1","0.000","SKEL","8160","50:36:08:05:06:2014","POWER BODY (B)","P346144","UNIT 6","HUDSON WAY","YORK BUSINESS PARK NETHER POPPLETON","YORK","YO26 6RN","GB","","","ADEL EL-ABD","","11 SHELDON SQUARE. FLAT 28","","PADDINGTON","LONDON","W2 6DQ","GB","","","","","NO","NO","","NO","469766","","","","",""
"POWER BODY (B)","PARCELFORCE WORLDWIDE","Express 48","SEB338701","P346144","TY0128585","","06/05/2014","1","0.000","SKEL","8160","51:36:08:05:06:2014","POWER BODY (B)","P346144","UNIT 6","HUDSON WAY","YORK BUSINESS PARK NETHER POPPLETON","YORK","YO26 6RN","GB","","","TOM WESTWOOD","","43 LITTLE HAYNOOKING LANE","MALTBY","SOUTH YORKSHIRE","ROTHERHAM","S66 8AR","GB","","","","","NO","NO","","NO","469940","","","","",""
"POWER BODY (B)","PARCELFORCE WORLDWIDE","Express 24","SEB338701","P346144","TY0128894","","06/05/2014","1","0.000","SKEL","8160","55:36:08:05:06:2014","POWER BODY (B)","P346144","UNIT 6","HUDSON WAY","YORK BUSINESS PARK NETHER POPPLETON","YORK","YO26 6RN","GB","","","MICHELANGELO SCOGNAMIGLIO","","8 LIME ROAD","AVON. SOUTHVILLE","","BRISTOL","BS3 1LT","GB","","","","","NO","NO","","NO","470373","","","","",""
"POWER BODY (B)","PARCELFORCE WORLDWIDE","Express 48","SEB338701","P346144","TY0814138","","06/05/2014","1","0.000","SKEL","8160","33:01:17:05:06:2014","POWER BODY (B)","P346144","UNIT 6","HUDSON WAY","YORK BUSINESS PARK NETHER POPPLETON","YORK","YO26 6RN","GB","","","GAVIN SCOTT","","180 BALTIC QUAY","MILL ROAD","","GATESHEAD","NE8 3QZ","GB","","","","","NO","NO","","NO","470672","","","","",""
